application_id,month,risk_band,principal_cents
syn-000001,5,low,191668
syn-000002,21,medium,136794
syn-000003,13,low,117662
syn-000004,5,medium,54860
syn-000005,6,medium,137834
syn-000006,22,low,63336
syn-000007,15,medium,51018
syn-000008,20,low,57176
syn-000009,8,high,65453
syn-000010,17,low,168780
syn-000011,11,medium,121864
syn-000012,5,low,196201
syn-000013,14,medium,69786
syn-000014,12,medium,156658
syn-000015,15,medium,246823
syn-000016,4,low,160532
syn-000017,17,low,197430
syn-000018,9,low,83950
syn-000019,20,low,135704
syn-000020,21,medium,239191
syn-000021,13,medium,145628
syn-000022,0,medium,139227
syn-000023,9,high,134821
syn-000024,17,low,60041
syn-000025,4,low,54951
syn-000026,10,low,131151
syn-000027,10,medium,184302
syn-000028,23,low,228156
syn-000029,22,high,99657
syn-000030,5,medium,205891
syn-000031,21,low,176547
syn-000032,9,medium,189143
syn-000033,16,low,67765
syn-000034,16,low,163512
syn-000035,0,low,148226
syn-000036,9,medium,187038
syn-000037,20,medium,157151
syn-000038,1,medium,136837
syn-000039,9,low,167746
syn-000040,2,medium,50855
syn-000041,22,low,141611
syn-000042,11,low,207576
syn-000043,3,low,61975
syn-000044,18,medium,208669
syn-000045,21,low,237297
syn-000046,13,low,130944
syn-000047,14,high,118911
syn-000048,22,low,179635
syn-000049,9,medium,169665
syn-000050,7,medium,221970
syn-000051,14,low,151641
syn-000052,19,medium,56688
syn-000053,8,medium,78261
syn-000054,12,medium,119750
syn-000055,12,high,81548
syn-000056,15,low,76359
syn-000057,11,low,69255
syn-000058,8,low,86173
syn-000059,8,high,75035
syn-000060,5,low,228881
syn-000061,18,low,163456
syn-000062,0,medium,152449
syn-000063,19,low,134982
syn-000064,0,medium,77082
syn-000065,5,medium,228696
syn-000066,20,low,96577
syn-000067,8,medium,102157
syn-000068,8,medium,57475
syn-000069,5,high,180256
syn-000070,6,low,130848
syn-000071,10,low,146820
syn-000072,10,low,135958
syn-000073,14,high,106765
syn-000074,15,low,238374
syn-000075,15,low,116560
syn-000076,10,low,227047
syn-000077,11,high,107159
syn-000078,8,low,169068
syn-000079,11,high,66674
syn-000080,13,low,195349
syn-000081,22,medium,228137
syn-000082,2,high,172939
syn-000083,15,medium,190610
syn-000084,16,medium,164326
syn-000085,13,low,200179
syn-000086,1,medium,181749
syn-000087,4,low,87170
syn-000088,20,medium,211955
syn-000089,6,medium,142980
syn-000090,8,low,245196
syn-000091,0,high,105715
syn-000092,17,low,228179
syn-000093,21,low,132189
syn-000094,19,low,113029
syn-000095,2,medium,65165
syn-000096,18,low,184780
syn-000097,5,medium,230641
syn-000098,5,medium,241769
syn-000099,1,low,230989
syn-000100,11,high,67740
syn-000101,5,medium,156801
syn-000102,18,medium,89517
syn-000103,14,low,247626
syn-000104,10,medium,138418
syn-000105,22,high,143272
syn-000106,13,medium,119778
syn-000107,4,low,185198
syn-000108,11,low,63814
syn-000109,4,low,75324
syn-000110,10,medium,188660
syn-000111,18,low,82271
syn-000112,7,low,141536
syn-000113,2,low,119522
syn-000114,21,high,60663
syn-000115,3,medium,156292
syn-000116,3,low,169103
syn-000117,10,high,60190
syn-000118,21,low,239862
syn-000119,19,low,228963
syn-000120,22,medium,110541
syn-000121,3,medium,245777
syn-000122,1,low,144460
syn-000123,15,low,193671
syn-000124,1,medium,163954
syn-000125,21,low,131674
syn-000126,22,low,218072
syn-000127,7,low,141400
syn-000128,22,medium,104238
syn-000129,19,low,86452
syn-000130,16,medium,199892
syn-000131,6,medium,221910
syn-000132,23,high,115666
syn-000133,2,low,66685
syn-000134,10,high,236450
syn-000135,4,high,163677
syn-000136,23,low,154934
syn-000137,22,low,181878
syn-000138,14,low,227820
syn-000139,6,high,222621
syn-000140,19,high,161879
syn-000141,0,high,198581
syn-000142,21,medium,242481
syn-000143,3,low,219532
syn-000144,15,medium,144125
syn-000145,6,medium,155338
syn-000146,2,high,144365
syn-000147,15,low,176206
syn-000148,20,low,184145
syn-000149,19,low,67809
syn-000150,15,medium,198467
syn-000151,4,low,122263
syn-000152,6,medium,248044
syn-000153,18,low,105051
syn-000154,21,medium,105172
syn-000155,9,medium,131361
syn-000156,15,low,164701
syn-000157,23,low,86343
syn-000158,16,high,62455
syn-000159,20,medium,129152
syn-000160,18,low,156935
syn-000161,8,low,104297
syn-000162,16,high,99242
syn-000163,2,low,187064
syn-000164,7,medium,158926
syn-000165,2,medium,215057
syn-000166,0,high,184691
syn-000167,18,medium,107539
syn-000168,6,medium,109819
syn-000169,22,low,64614
syn-000170,14,low,127955
syn-000171,6,low,67551
syn-000172,4,low,148323
syn-000173,19,medium,129858
syn-000174,14,high,167911
syn-000175,22,low,169085
syn-000176,15,low,83596
syn-000177,14,low,215606
syn-000178,22,low,112121
syn-000179,4,high,78784
syn-000180,21,low,190763
syn-000181,10,medium,76851
syn-000182,16,high,229684
syn-000183,15,medium,247576
syn-000184,8,low,188978
syn-000185,3,medium,201241
syn-000186,5,medium,129658
syn-000187,1,low,111093
syn-000188,15,medium,148232
syn-000189,18,low,158865
syn-000190,0,low,50280
syn-000191,15,low,91476
syn-000192,19,medium,60835
syn-000193,2,low,75395
syn-000194,14,medium,157161
syn-000195,7,medium,186576
syn-000196,11,low,121286
syn-000197,20,low,98865
syn-000198,15,high,59007
syn-000199,18,medium,177799
syn-000200,8,low,122859
syn-000201,4,low,224972
syn-000202,4,medium,224239
syn-000203,9,medium,92897
syn-000204,0,low,135257
syn-000205,19,high,101411
syn-000206,13,medium,148144
syn-000207,19,low,70254
syn-000208,20,high,191625
syn-000209,6,high,208410
syn-000210,4,high,138137
syn-000211,0,medium,107740
syn-000212,15,medium,114710
syn-000213,11,high,178032
syn-000214,20,medium,133456
syn-000215,16,medium,136437
syn-000216,4,high,114623
syn-000217,1,medium,81384
syn-000218,23,medium,142184
syn-000219,1,low,165987
syn-000220,0,low,113068
syn-000221,12,low,151542
syn-000222,17,medium,54084
syn-000223,18,low,55385
syn-000224,8,low,97695
syn-000225,8,low,54105
syn-000226,13,low,227840
syn-000227,20,low,189235
syn-000228,14,low,218146
syn-000229,13,low,162069
syn-000230,4,medium,199011
syn-000231,17,low,210584
syn-000232,6,medium,216676
syn-000233,16,medium,140250
syn-000234,10,low,110192
syn-000235,19,low,92104
syn-000236,12,medium,228395
syn-000237,17,low,159745
syn-000238,0,low,78073
syn-000239,0,low,61200
syn-000240,20,low,186576
syn-000241,4,medium,162391
syn-000242,20,medium,241952
syn-000243,14,high,206293
syn-000244,13,low,160744
syn-000245,9,medium,202659
syn-000246,15,medium,191727
syn-000247,6,high,96299
syn-000248,12,medium,177829
syn-000249,16,high,81897
syn-000250,23,low,166292
syn-000251,0,low,70062
syn-000252,6,low,99434
syn-000253,7,low,180857
syn-000254,15,medium,233638
syn-000255,7,low,95113
syn-000256,11,high,124757
syn-000257,8,high,166324
syn-000258,17,medium,248716
syn-000259,0,medium,216910
syn-000260,10,low,91479
syn-000261,17,low,121737
syn-000262,8,medium,90542
syn-000263,1,low,93439
syn-000264,5,low,114789
syn-000265,21,medium,83865
syn-000266,5,medium,171211
syn-000267,23,low,210689
syn-000268,23,high,88308
syn-000269,14,medium,211987
syn-000270,12,medium,230480
syn-000271,19,low,75218
syn-000272,19,medium,82256
syn-000273,7,low,53213
syn-000274,16,medium,63308
syn-000275,12,low,108255
syn-000276,13,low,207179
syn-000277,19,low,66752
syn-000278,14,medium,116901
syn-000279,21,high,186740
syn-000280,12,high,56143
syn-000281,2,medium,131276
syn-000282,12,medium,201780
syn-000283,11,high,56162
syn-000284,2,high,167017
syn-000285,23,high,63853
syn-000286,14,medium,81607
syn-000287,18,medium,61528
syn-000288,22,high,80981
syn-000289,22,medium,124264
syn-000290,11,low,82761
syn-000291,13,high,110881
syn-000292,18,medium,180556
syn-000293,21,medium,104840
syn-000294,22,high,209850
syn-000295,5,high,185672
syn-000296,21,low,234291
syn-000297,18,high,118066
syn-000298,3,low,223444
syn-000299,18,high,70027
syn-000300,18,medium,130989
syn-000301,17,low,123652
syn-000302,5,low,50220
syn-000303,21,low,201802
syn-000304,8,low,210209
syn-000305,16,medium,227620
syn-000306,13,high,148616
syn-000307,5,low,125717
syn-000308,16,medium,217997
syn-000309,14,low,59783
syn-000310,7,low,157037
syn-000311,17,high,166103
syn-000312,10,low,244307
syn-000313,11,low,127123
syn-000314,9,medium,182360
syn-000315,3,high,57544
syn-000316,19,low,111935
syn-000317,1,medium,189605
syn-000318,2,low,203655
syn-000319,7,high,207029
syn-000320,0,medium,117919
syn-000321,5,medium,244031
syn-000322,18,low,221193
syn-000323,11,low,71058
syn-000324,18,high,172679
syn-000325,19,low,183675
syn-000326,4,medium,169150
syn-000327,20,low,119256
syn-000328,20,medium,230099
syn-000329,10,high,136227
syn-000330,20,medium,214448
syn-000331,0,medium,158209
syn-000332,19,low,69490
syn-000333,0,low,156995
syn-000334,23,medium,118828
syn-000335,2,high,188682
syn-000336,12,low,85203
syn-000337,20,low,208686
syn-000338,23,low,89259
syn-000339,3,medium,93956
syn-000340,21,low,115480
syn-000341,23,low,100602
syn-000342,3,medium,68849
syn-000343,14,low,167199
syn-000344,19,low,202742
syn-000345,18,high,227291
syn-000346,15,low,225642
syn-000347,4,low,53976
syn-000348,5,high,58078
syn-000349,7,low,117557
syn-000350,14,low,199984
syn-000351,3,high,57702
syn-000352,3,low,193349
syn-000353,6,high,121674
syn-000354,3,medium,185168
syn-000355,0,medium,94074
syn-000356,1,medium,231207
syn-000357,22,high,169545
syn-000358,0,low,212605
syn-000359,7,medium,143283
syn-000360,10,medium,157945
syn-000361,13,low,142248
syn-000362,10,low,202970
syn-000363,6,low,198153
syn-000364,15,medium,171904
syn-000365,9,low,234207
syn-000366,10,medium,83287
syn-000367,0,low,175962
syn-000368,12,low,193009
syn-000369,5,low,172455
syn-000370,18,high,154990
syn-000371,13,medium,106901
syn-000372,5,high,240692
syn-000373,3,medium,72333
syn-000374,3,medium,93011
syn-000375,22,low,202279
syn-000376,9,medium,70190
syn-000377,16,low,167296
syn-000378,9,medium,136219
syn-000379,11,low,87038
syn-000380,14,low,59782
syn-000381,9,low,110091
syn-000382,4,low,166494
syn-000383,11,high,134690
syn-000384,17,medium,59490
syn-000385,2,high,90659
syn-000386,19,low,66549
syn-000387,20,low,55666
syn-000388,7,low,89425
syn-000389,23,low,65048
syn-000390,16,low,146464
syn-000391,9,low,99350
syn-000392,12,low,221678
syn-000393,2,low,71531
syn-000394,6,medium,154637
syn-000395,20,medium,133181
syn-000396,23,medium,100276
syn-000397,13,medium,74248
syn-000398,21,medium,51687
syn-000399,19,low,181086
syn-000400,13,medium,68263
syn-000401,19,low,95665
syn-000402,1,medium,89496
syn-000403,5,low,227048
syn-000404,1,low,212728
syn-000405,13,low,124049
syn-000406,6,low,226692
syn-000407,20,high,210036
syn-000408,20,medium,123192
syn-000409,7,medium,142609
syn-000410,6,low,67181
syn-000411,1,medium,189459
syn-000412,9,medium,151620
syn-000413,11,low,188952
syn-000414,5,low,65312
syn-000415,12,low,234345
syn-000416,13,medium,55726
syn-000417,9,low,71015
syn-000418,20,medium,114313
syn-000419,2,high,65814
syn-000420,0,high,152234
syn-000421,6,low,186269
syn-000422,13,medium,214761
syn-000423,4,low,76596
syn-000424,16,low,164447
syn-000425,15,medium,99411
syn-000426,1,high,101262
syn-000427,19,medium,213034
syn-000428,10,medium,204785
syn-000429,6,high,64576
syn-000430,1,low,135509
syn-000431,3,medium,56603
syn-000432,5,low,94709
syn-000433,13,medium,190285
syn-000434,13,medium,97980
syn-000435,23,high,148491
syn-000436,2,low,244860
syn-000437,9,low,63331
syn-000438,23,medium,62854
syn-000439,5,high,82432
syn-000440,23,high,163994
syn-000441,22,low,197279
syn-000442,7,medium,125836
syn-000443,21,high,236184
syn-000444,0,low,167225
syn-000445,23,low,226138
syn-000446,2,medium,181989
syn-000447,7,high,157196
syn-000448,6,medium,68783
syn-000449,11,medium,94522
syn-000450,10,low,106492
syn-000451,19,low,99785
syn-000452,2,high,61955
syn-000453,20,medium,108544
syn-000454,23,high,233113
syn-000455,22,low,54901
syn-000456,19,medium,156876
syn-000457,2,low,171447
syn-000458,1,medium,57186
syn-000459,23,low,100533
syn-000460,14,low,232284
syn-000461,15,high,122186
syn-000462,13,medium,62149
syn-000463,9,high,172306
syn-000464,20,low,213834
syn-000465,0,high,124377
syn-000466,21,medium,87258
syn-000467,22,high,97093
syn-000468,16,medium,51590
syn-000469,15,medium,210032
syn-000470,16,medium,71661
syn-000471,17,medium,148677
syn-000472,12,medium,246535
syn-000473,23,low,215679
syn-000474,2,medium,178708
syn-000475,23,high,181586
syn-000476,5,low,192408
syn-000477,17,high,199050
syn-000478,13,low,177327
syn-000479,5,low,174970
syn-000480,7,low,201479
syn-000481,16,low,172162
syn-000482,5,low,144812
syn-000483,11,low,176361
syn-000484,1,high,240297
syn-000485,7,high,242413
syn-000486,11,low,228122
syn-000487,14,medium,207274
syn-000488,5,high,101056
syn-000489,4,medium,175727
syn-000490,15,medium,105152
syn-000491,7,low,107225
syn-000492,1,high,116609
syn-000493,7,low,61132
syn-000494,1,medium,230820
syn-000495,15,medium,241094
syn-000496,8,medium,232595
syn-000497,18,high,172948
syn-000498,11,low,204158
syn-000499,20,medium,114618
syn-000500,12,medium,206634
syn-000501,0,high,151623
syn-000502,8,high,213657
syn-000503,2,low,147189
syn-000504,18,low,108962
syn-000505,23,medium,174217
syn-000506,14,high,210844
syn-000507,18,medium,85457
syn-000508,0,low,203466
syn-000509,5,medium,243090
syn-000510,20,medium,134558
syn-000511,16,low,165338
syn-000512,2,low,215180
syn-000513,7,high,225543
syn-000514,23,high,78303
syn-000515,4,low,172091
syn-000516,5,low,99100
syn-000517,16,low,133905
syn-000518,12,high,208169
syn-000519,8,medium,187184
syn-000520,14,high,195511
syn-000521,18,medium,236835
syn-000522,16,medium,228041
syn-000523,2,low,75294
syn-000524,7,medium,186064
syn-000525,18,medium,213676
syn-000526,12,medium,126577
syn-000527,10,medium,189547
syn-000528,16,low,75577
syn-000529,6,low,113885
syn-000530,0,high,100063
syn-000531,5,medium,197782
syn-000532,5,high,195468
syn-000533,9,high,170021
syn-000534,9,medium,79673
syn-000535,5,medium,134078
syn-000536,2,high,234942
syn-000537,19,low,118857
syn-000538,15,low,135250
syn-000539,11,high,178453
syn-000540,20,low,158283
syn-000541,14,medium,189939
syn-000542,1,medium,187432
syn-000543,12,medium,94257
syn-000544,12,high,81809
syn-000545,16,medium,105019
syn-000546,21,medium,153114
syn-000547,20,high,133634
syn-000548,14,medium,93875
syn-000549,9,high,248173
syn-000550,2,low,118527
syn-000551,14,low,75800
syn-000552,23,high,86944
syn-000553,21,medium,154751
syn-000554,18,medium,187313
syn-000555,14,medium,99446
syn-000556,10,low,148252
syn-000557,5,low,121619
syn-000558,14,low,56732
syn-000559,12,low,52989
syn-000560,23,low,187290
syn-000561,19,low,191041
syn-000562,16,medium,137663
syn-000563,12,low,111725
syn-000564,20,medium,134119
syn-000565,17,high,206544
syn-000566,11,low,234669
syn-000567,4,medium,122021
syn-000568,10,high,119639
syn-000569,17,medium,200387
syn-000570,19,high,122324
syn-000571,18,low,72182
syn-000572,1,medium,85363
syn-000573,10,low,174624
syn-000574,3,low,86189
syn-000575,18,low,157802
syn-000576,11,low,58074
syn-000577,18,medium,175649
syn-000578,16,low,173762
syn-000579,16,low,237135
syn-000580,20,medium,235488
syn-000581,15,low,74266
syn-000582,10,medium,90764
syn-000583,11,low,157247
syn-000584,21,low,101164
syn-000585,9,medium,99040
syn-000586,20,low,69424
syn-000587,16,high,204371
syn-000588,3,medium,212932
syn-000589,7,low,173684
syn-000590,3,high,119733
syn-000591,14,low,158913
syn-000592,4,low,242218
syn-000593,23,low,112932
syn-000594,17,low,131233
syn-000595,17,high,176654
syn-000596,16,low,229575
syn-000597,15,low,137671
syn-000598,20,medium,231796
syn-000599,3,medium,78404
syn-000600,22,high,203465
syn-000601,17,high,72128
syn-000602,2,low,162877
syn-000603,0,low,233510
syn-000604,17,low,149783
syn-000605,18,low,157495
syn-000606,17,high,170401
syn-000607,3,low,211466
syn-000608,7,high,99736
syn-000609,18,low,81545
syn-000610,17,high,111028
syn-000611,22,high,98701
syn-000612,1,low,244808
syn-000613,12,medium,142756
syn-000614,0,medium,200961
syn-000615,19,high,160140
syn-000616,5,medium,105159
syn-000617,5,low,113613
syn-000618,7,medium,248553
syn-000619,8,low,52043
syn-000620,20,medium,131863
syn-000621,6,medium,77788
syn-000622,16,low,113547
syn-000623,8,low,82151
syn-000624,23,low,53048
syn-000625,22,low,191476
syn-000626,8,low,136908
syn-000627,5,low,63579
syn-000628,2,low,136309
syn-000629,12,low,127967
syn-000630,5,low,219074
syn-000631,6,high,108545
syn-000632,7,low,68956
syn-000633,20,low,157087
syn-000634,6,high,190848
syn-000635,7,medium,133099
syn-000636,13,low,222564
syn-000637,6,low,136363
syn-000638,11,high,72474
syn-000639,19,medium,96221
syn-000640,19,high,164301
syn-000641,21,high,193400
syn-000642,21,high,248666
syn-000643,23,low,107045
syn-000644,4,high,82086
syn-000645,22,medium,231384
syn-000646,2,high,78489
syn-000647,14,low,231764
syn-000648,14,low,214270
syn-000649,5,medium,75094
syn-000650,4,high,80947
syn-000651,16,low,130096
syn-000652,20,medium,98052
syn-000653,16,medium,74743
syn-000654,21,medium,115990
syn-000655,23,low,113603
syn-000656,18,low,69811
syn-000657,15,low,170172
syn-000658,16,low,224943
syn-000659,7,low,121649
syn-000660,7,low,75449
syn-000661,20,medium,203938
syn-000662,3,high,104962
syn-000663,3,medium,107999
syn-000664,14,medium,233117
syn-000665,16,high,202564
syn-000666,17,high,200232
syn-000667,7,low,173126
syn-000668,7,low,172760
syn-000669,2,high,60620
syn-000670,1,low,119782
syn-000671,2,medium,192429
syn-000672,21,low,185854
syn-000673,10,high,136095
syn-000674,15,medium,143481
syn-000675,3,high,208330
syn-000676,8,high,180300
syn-000677,6,medium,140553
syn-000678,3,medium,95665
syn-000679,21,high,110655
syn-000680,3,low,214027
syn-000681,13,low,228690
syn-000682,19,high,191778
syn-000683,8,high,213334
syn-000684,15,medium,193402
syn-000685,15,low,228169
syn-000686,6,low,205654
syn-000687,16,low,93227
syn-000688,17,high,208689
syn-000689,0,medium,236273
syn-000690,20,medium,68111
syn-000691,22,low,238997
syn-000692,1,low,126984
syn-000693,2,medium,220562
syn-000694,1,low,74928
syn-000695,2,high,245588
syn-000696,16,low,65287
syn-000697,20,high,57637
syn-000698,22,medium,88780
syn-000699,15,low,245102
syn-000700,21,low,80994
syn-000701,6,low,101550
syn-000702,12,high,220944
syn-000703,8,medium,210795
syn-000704,6,low,197642
syn-000705,14,high,175728
syn-000706,11,low,135243
syn-000707,4,medium,194277
syn-000708,13,low,168641
syn-000709,10,low,231132
syn-000710,7,medium,208358
syn-000711,2,medium,55856
syn-000712,4,medium,190369
syn-000713,14,low,233196
syn-000714,3,low,71233
syn-000715,11,high,122400
syn-000716,1,low,65687
syn-000717,1,medium,241630
syn-000718,16,low,149555
syn-000719,12,low,144852
syn-000720,22,low,73539
syn-000721,16,high,109587
syn-000722,8,low,192974
syn-000723,1,low,87643
syn-000724,3,low,191079
syn-000725,11,medium,144941
syn-000726,17,medium,135754
syn-000727,16,low,232179
syn-000728,17,low,190394
syn-000729,11,high,123233
syn-000730,3,low,129109
syn-000731,11,low,194643
syn-000732,0,low,104013
syn-000733,15,low,101969
syn-000734,5,medium,139507
syn-000735,8,low,183486
syn-000736,19,medium,186646
syn-000737,18,high,198238
syn-000738,19,medium,193968
syn-000739,10,low,61528
syn-000740,17,medium,58411
syn-000741,5,high,152559
syn-000742,15,medium,89792
syn-000743,16,low,234676
syn-000744,10,low,163544
syn-000745,0,high,114275
syn-000746,19,low,53353
syn-000747,15,low,52504
syn-000748,20,low,111365
syn-000749,12,medium,247622
syn-000750,4,low,67934
syn-000751,4,medium,74230
syn-000752,14,low,230150
syn-000753,11,low,208169
syn-000754,11,low,219285
syn-000755,10,low,161039
syn-000756,14,medium,219163
syn-000757,22,low,57359
syn-000758,2,medium,144394
syn-000759,3,low,62804
syn-000760,16,low,204111
syn-000761,0,low,227797
syn-000762,9,medium,171433
syn-000763,5,medium,73545
syn-000764,3,low,110800
syn-000765,0,high,148847
syn-000766,1,high,225330
syn-000767,6,low,201953
syn-000768,22,medium,105704
syn-000769,15,low,105321
syn-000770,11,low,109363
syn-000771,6,medium,198474
syn-000772,3,high,237201
syn-000773,18,low,94224
syn-000774,16,low,186140
syn-000775,21,medium,70300
syn-000776,23,medium,199747
syn-000777,11,medium,158096
syn-000778,4,medium,119187
syn-000779,5,low,107455
syn-000780,1,high,156533
syn-000781,12,low,185052
syn-000782,23,low,241258
syn-000783,12,medium,246994
syn-000784,11,low,160911
syn-000785,3,high,53737
syn-000786,22,medium,171622
syn-000787,20,low,134993
syn-000788,10,high,125639
syn-000789,18,low,177297
syn-000790,3,low,198645
syn-000791,17,low,148093
syn-000792,10,high,59866
syn-000793,3,low,75424
syn-000794,1,low,72852
syn-000795,0,high,196316
syn-000796,23,medium,188309
syn-000797,6,low,223482
syn-000798,12,low,81487
syn-000799,19,medium,159442
syn-000800,6,low,169047
syn-000801,21,high,158321
syn-000802,20,low,133827
syn-000803,23,low,146344
syn-000804,23,high,244850
syn-000805,17,low,79344
syn-000806,21,medium,126660
syn-000807,1,medium,97656
syn-000808,19,high,168800
syn-000809,17,low,77505
syn-000810,9,medium,181396
syn-000811,0,high,61651
syn-000812,7,medium,55117
syn-000813,12,low,78613
syn-000814,8,low,110287
syn-000815,17,low,222100
syn-000816,1,low,79801
syn-000817,10,low,74763
syn-000818,2,low,122434
syn-000819,1,low,216757
syn-000820,21,low,84077
syn-000821,5,medium,138868
syn-000822,0,medium,68628
syn-000823,4,low,140610
syn-000824,10,high,108747
syn-000825,10,high,236241
syn-000826,21,high,169297
syn-000827,3,medium,114627
syn-000828,6,medium,198315
syn-000829,12,low,91493
syn-000830,12,low,213693
syn-000831,1,medium,218001
syn-000832,1,low,245062
syn-000833,18,medium,150414
syn-000834,12,medium,160437
syn-000835,22,high,57491
syn-000836,3,low,214850
syn-000837,8,high,157063
syn-000838,18,medium,211530
syn-000839,16,low,238832
syn-000840,3,low,159518
syn-000841,14,high,124832
syn-000842,22,low,57269
syn-000843,1,high,214357
syn-000844,3,medium,128229
syn-000845,4,medium,116987
syn-000846,15,low,67945
syn-000847,3,low,197966
syn-000848,8,medium,168482
syn-000849,21,medium,207458
syn-000850,11,medium,113497
syn-000851,21,medium,112193
syn-000852,10,medium,50313
syn-000853,9,high,79497
syn-000854,9,low,179968
syn-000855,15,medium,227984
syn-000856,5,low,120572
syn-000857,7,low,116863
syn-000858,22,high,237880
syn-000859,21,low,149619
syn-000860,22,low,247023
syn-000861,10,medium,215413
syn-000862,23,high,55189
syn-000863,0,high,204483
syn-000864,14,low,155246
syn-000865,13,high,118831
syn-000866,12,medium,222471
syn-000867,11,medium,201630
syn-000868,11,low,201152
syn-000869,6,low,220132
syn-000870,10,high,86180
syn-000871,10,low,143613
syn-000872,17,high,61941
syn-000873,7,medium,114274
syn-000874,15,medium,228257
syn-000875,15,low,197261
syn-000876,18,medium,199840
syn-000877,0,low,87498
syn-000878,11,low,62952
syn-000879,8,low,219046
syn-000880,11,medium,148272
syn-000881,23,medium,229522
syn-000882,15,medium,188020
syn-000883,16,low,192694
syn-000884,12,low,248319
syn-000885,8,low,151764
syn-000886,19,medium,73360
syn-000887,13,high,131509
syn-000888,2,high,129429
syn-000889,7,low,141453
syn-000890,23,medium,105771
syn-000891,21,high,149463
syn-000892,20,low,62659
syn-000893,13,low,164681
syn-000894,9,high,236430
syn-000895,22,low,225717
syn-000896,14,low,119715
syn-000897,7,high,199598
syn-000898,11,medium,58305
syn-000899,8,high,70953
syn-000900,18,low,51831
syn-000901,14,medium,161154
syn-000902,4,high,116024
syn-000903,18,medium,130756
syn-000904,13,high,131721
syn-000905,1,low,176753
syn-000906,6,medium,180577
syn-000907,11,low,82157
syn-000908,20,medium,76634
syn-000909,4,low,161195
syn-000910,11,high,61202
syn-000911,12,low,58098
syn-000912,21,medium,241413
syn-000913,2,medium,67807
syn-000914,2,low,76851
syn-000915,21,low,75401
syn-000916,7,high,116976
syn-000917,23,low,81614
syn-000918,11,low,216302
syn-000919,9,medium,182104
syn-000920,8,high,77483
syn-000921,14,high,168903
syn-000922,19,high,112063
syn-000923,20,high,238036
syn-000924,10,high,64433
syn-000925,6,low,222699
syn-000926,0,medium,216614
syn-000927,7,medium,208670
syn-000928,20,low,150122
syn-000929,10,low,214832
syn-000930,14,low,218030
syn-000931,16,low,66999
syn-000932,9,medium,53013
syn-000933,2,low,225338
syn-000934,3,low,76662
syn-000935,5,high,92455
syn-000936,19,medium,208959
syn-000937,9,low,107838
syn-000938,23,medium,64243
syn-000939,15,low,89653
syn-000940,22,low,233610
syn-000941,11,low,146029
syn-000942,0,high,116696
syn-000943,23,low,236525
syn-000944,20,low,157922
syn-000945,21,medium,209094
syn-000946,6,medium,222816
syn-000947,2,low,108814
syn-000948,7,medium,113600
syn-000949,15,medium,76446
syn-000950,4,high,142448
syn-000951,4,medium,148841
syn-000952,0,low,54126
syn-000953,14,low,178862
syn-000954,20,high,234770
syn-000955,23,low,96453
syn-000956,6,high,54816
syn-000957,17,low,119386
syn-000958,7,low,99677
syn-000959,20,medium,194579
syn-000960,4,high,132132
syn-000961,0,high,212669
syn-000962,12,low,164800
syn-000963,5,low,76352
syn-000964,5,medium,108508
syn-000965,22,medium,145239
syn-000966,15,low,79624
syn-000967,20,high,56444
syn-000968,14,medium,213789
syn-000969,7,low,78739
syn-000970,9,low,144764
syn-000971,3,low,200039
syn-000972,3,medium,131733
syn-000973,8,low,244191
syn-000974,18,low,201520
syn-000975,21,high,79511
syn-000976,12,medium,144576
syn-000977,17,low,224550
syn-000978,23,low,237025
syn-000979,22,medium,161626
syn-000980,21,medium,234838
syn-000981,4,medium,133861
syn-000982,8,low,225182
syn-000983,13,low,231593
syn-000984,11,low,195532
syn-000985,8,medium,161882
syn-000986,14,medium,117021
syn-000987,20,low,210156
syn-000988,17,medium,83480
syn-000989,8,medium,173624
syn-000990,12,low,241601
syn-000991,14,medium,85229
syn-000992,17,low,128917
syn-000993,19,low,199425
syn-000994,13,low,192299
syn-000995,8,low,115752
syn-000996,12,medium,58502
syn-000997,6,low,221597
syn-000998,14,low,120088
syn-000999,10,high,228814
syn-001000,8,low,64790
syn-001001,8,low,198810
syn-001002,15,medium,69642
syn-001003,19,low,95561
syn-001004,20,high,156277
syn-001005,11,low,140948
syn-001006,2,medium,191417
syn-001007,20,low,70254
syn-001008,12,medium,136677
syn-001009,18,low,136046
syn-001010,10,medium,137142
syn-001011,3,low,67453
syn-001012,7,low,213334
syn-001013,19,low,137935
syn-001014,7,low,232207
syn-001015,6,medium,116768
syn-001016,20,low,161095
syn-001017,20,low,163711
syn-001018,13,medium,159171
syn-001019,23,low,243670
syn-001020,14,low,91148
syn-001021,23,low,111853
syn-001022,2,low,186055
syn-001023,5,medium,129787
syn-001024,22,low,67096
syn-001025,21,medium,79339
syn-001026,19,low,141114
syn-001027,16,high,56542
syn-001028,7,low,137252
syn-001029,10,low,117717
syn-001030,18,high,55683
syn-001031,16,low,136398
syn-001032,1,medium,175412
syn-001033,8,low,57064
syn-001034,19,medium,71412
syn-001035,14,high,75573
syn-001036,5,medium,172141
syn-001037,13,medium,91010
syn-001038,13,high,128590
syn-001039,10,medium,89186
syn-001040,14,low,51742
syn-001041,6,high,121585
syn-001042,12,low,136254
syn-001043,5,low,161886
syn-001044,9,low,193463
syn-001045,22,low,106914
syn-001046,12,low,87214
syn-001047,2,medium,217096
syn-001048,23,medium,59260
syn-001049,17,low,177413
syn-001050,19,medium,243126
syn-001051,12,low,225831
syn-001052,9,high,216579
syn-001053,6,low,226158
syn-001054,3,medium,147009
syn-001055,1,low,168650
syn-001056,22,low,162340
syn-001057,10,medium,210328
syn-001058,10,low,63929
syn-001059,3,low,186782
syn-001060,21,low,220633
syn-001061,19,high,241629
syn-001062,1,low,136207
syn-001063,6,low,192623
syn-001064,13,low,179289
syn-001065,12,high,248367
syn-001066,21,medium,73237
syn-001067,10,low,199384
syn-001068,21,high,146675
syn-001069,9,low,178037
syn-001070,7,high,189390
syn-001071,11,high,222177
syn-001072,23,low,150233
syn-001073,19,low,169884
syn-001074,8,medium,245054
syn-001075,6,low,158259
syn-001076,8,medium,213371
syn-001077,1,low,105113
syn-001078,18,low,130144
syn-001079,14,low,210208
syn-001080,5,low,155437
syn-001081,15,medium,77392
syn-001082,0,high,232220
syn-001083,18,medium,235687
syn-001084,19,medium,69389
syn-001085,4,medium,189063
syn-001086,18,medium,231258
syn-001087,20,medium,158932
syn-001088,4,high,232288
syn-001089,8,high,241046
syn-001090,0,low,143659
syn-001091,20,medium,129301
syn-001092,9,medium,213599
syn-001093,12,medium,193382
syn-001094,5,low,200125
syn-001095,19,medium,160203
syn-001096,4,low,214396
syn-001097,5,medium,180387
syn-001098,3,low,135373
syn-001099,22,low,139133
syn-001100,0,low,94002
syn-001101,10,low,150674
syn-001102,9,medium,161251
syn-001103,7,medium,167421
syn-001104,3,medium,228930
syn-001105,13,medium,127798
syn-001106,13,low,136591
syn-001107,12,medium,67191
syn-001108,11,low,186714
syn-001109,19,low,235337
syn-001110,17,medium,240041
syn-001111,9,medium,241566
syn-001112,23,high,149495
syn-001113,4,low,99635
syn-001114,6,medium,229914
syn-001115,5,medium,101319
syn-001116,17,low,216767
syn-001117,0,low,222395
syn-001118,9,low,65379
syn-001119,2,medium,128229
syn-001120,4,low,95360
syn-001121,0,low,201567
syn-001122,5,medium,215223
syn-001123,6,medium,78256
syn-001124,2,high,201789
syn-001125,16,low,116195
syn-001126,13,low,99755
syn-001127,17,medium,152141
syn-001128,4,low,246787
syn-001129,9,low,81267
syn-001130,16,high,126552
syn-001131,0,medium,65453
syn-001132,2,medium,142554
syn-001133,13,medium,178465
syn-001134,8,high,116652
syn-001135,14,medium,133194
syn-001136,14,medium,230792
syn-001137,12,low,115905
syn-001138,15,medium,229949
syn-001139,16,medium,175933
syn-001140,11,low,183004
syn-001141,7,medium,106264
syn-001142,2,medium,110806
syn-001143,4,low,59827
syn-001144,18,medium,142308
syn-001145,8,low,112700
syn-001146,12,high,116144
syn-001147,8,low,212038
syn-001148,8,low,236985
syn-001149,11,medium,186275
syn-001150,6,high,140369
syn-001151,14,high,170649
syn-001152,18,medium,65263
syn-001153,0,low,190069
syn-001154,15,low,70600
syn-001155,14,low,244669
syn-001156,20,high,141753
syn-001157,4,low,233345
syn-001158,15,medium,202239
syn-001159,7,low,139922
syn-001160,20,medium,160854
syn-001161,22,low,175643
syn-001162,14,low,205488
syn-001163,19,high,166554
syn-001164,8,high,124275
syn-001165,18,low,83940
syn-001166,13,high,81756
syn-001167,0,high,77420
syn-001168,22,low,87636
syn-001169,4,medium,91920
syn-001170,22,high,174106
syn-001171,0,high,233600
syn-001172,16,high,230380
syn-001173,1,medium,94527
syn-001174,1,high,151787
syn-001175,6,medium,91029
syn-001176,21,medium,153478
syn-001177,4,low,126095
syn-001178,18,high,80402
syn-001179,18,low,148823
syn-001180,10,medium,137559
syn-001181,9,low,203848
syn-001182,16,low,72347
syn-001183,11,low,118513
syn-001184,18,high,135263
syn-001185,3,high,234696
syn-001186,8,low,58243
syn-001187,4,low,234097
syn-001188,21,medium,244438
syn-001189,23,medium,240064
syn-001190,12,medium,121372
syn-001191,4,medium,240026
syn-001192,17,medium,215430
syn-001193,19,medium,206683
syn-001194,13,low,127475
syn-001195,20,low,94816
syn-001196,12,low,242835
syn-001197,11,high,117947
syn-001198,16,low,248135
syn-001199,14,low,133466
syn-001200,12,low,69254
syn-001201,6,low,156225
syn-001202,21,high,135663
syn-001203,1,medium,57316
syn-001204,9,low,167506
syn-001205,3,low,59212
syn-001206,23,low,130361
syn-001207,12,low,175591
syn-001208,22,low,182152
syn-001209,12,high,83724
syn-001210,7,low,85362
syn-001211,0,high,110371
syn-001212,2,high,119337
syn-001213,21,medium,115261
syn-001214,0,high,162296
syn-001215,16,medium,105977
syn-001216,12,high,101882
syn-001217,12,high,119415
syn-001218,17,high,234281
syn-001219,4,low,86539
syn-001220,0,medium,169183
syn-001221,9,low,184718
syn-001222,3,low,239034
syn-001223,19,medium,146419
syn-001224,8,low,151580
syn-001225,13,medium,210016
syn-001226,12,high,152519
syn-001227,13,medium,181279
syn-001228,7,low,230798
syn-001229,1,medium,165980
syn-001230,2,medium,92706
syn-001231,13,low,189049
syn-001232,12,medium,50238
syn-001233,19,low,95862
syn-001234,7,low,169033
syn-001235,11,low,205501
syn-001236,20,medium,68087
syn-001237,8,low,170836
syn-001238,20,medium,242244
syn-001239,12,low,207774
syn-001240,10,low,103875
syn-001241,17,low,159487
syn-001242,1,low,129656
syn-001243,0,low,95665
syn-001244,23,low,245423
syn-001245,22,low,157675
syn-001246,4,high,179655
syn-001247,3,low,226495
syn-001248,23,low,96998
syn-001249,1,low,130640
syn-001250,13,low,150373
syn-001251,17,high,236891
syn-001252,18,high,242751
syn-001253,4,medium,61426
syn-001254,12,medium,172711
syn-001255,3,medium,61281
syn-001256,21,high,72253
syn-001257,8,medium,131403
syn-001258,7,medium,67405
syn-001259,4,high,72349
syn-001260,17,low,120047
syn-001261,5,low,76342
syn-001262,5,low,105425
syn-001263,15,high,240000
syn-001264,16,medium,169713
syn-001265,8,low,202306
syn-001266,0,medium,106243
syn-001267,18,low,99528
syn-001268,15,high,94872
syn-001269,5,low,95751
syn-001270,3,medium,217383
syn-001271,13,medium,193801
syn-001272,10,low,101584
syn-001273,23,low,63109
syn-001274,10,low,157690
syn-001275,7,low,203324
syn-001276,9,low,229276
syn-001277,7,medium,66071
syn-001278,1,medium,179204
syn-001279,9,medium,120443
syn-001280,16,medium,124532
syn-001281,10,medium,182819
syn-001282,14,low,104545
syn-001283,17,high,60130
syn-001284,12,low,238051
syn-001285,19,medium,163948
syn-001286,0,low,115660
syn-001287,16,high,230922
syn-001288,8,low,164676
syn-001289,10,low,130090
syn-001290,18,low,172746
syn-001291,3,medium,182673
syn-001292,2,high,232554
syn-001293,23,medium,152317
syn-001294,4,medium,86152
syn-001295,6,low,222554
syn-001296,22,medium,199536
syn-001297,13,medium,215388
syn-001298,16,low,121966
syn-001299,21,low,230685
syn-001300,18,high,113489
syn-001301,21,medium,242843
syn-001302,9,medium,171241
syn-001303,20,medium,225659
syn-001304,23,high,54633
syn-001305,1,low,60154
syn-001306,7,low,67924
syn-001307,0,medium,57207
syn-001308,17,medium,170214
syn-001309,19,medium,224533
syn-001310,7,medium,241260
syn-001311,13,low,121082
syn-001312,23,low,56520
syn-001313,11,low,83025
syn-001314,12,low,211539
syn-001315,9,medium,209391
syn-001316,19,low,167162
syn-001317,7,low,119928
syn-001318,7,low,217954
syn-001319,16,medium,169132
syn-001320,0,low,201076
syn-001321,10,low,129457
syn-001322,17,high,234726
syn-001323,6,low,75787
syn-001324,6,medium,81582
syn-001325,21,medium,247636
syn-001326,17,high,212418
syn-001327,5,high,233065
syn-001328,5,medium,196629
syn-001329,5,medium,192730
syn-001330,8,medium,93196
syn-001331,2,low,51326
syn-001332,4,high,156579
syn-001333,8,low,170225
syn-001334,6,high,79497
syn-001335,21,high,99404
syn-001336,10,low,95297
syn-001337,5,medium,141429
syn-001338,10,high,118960
syn-001339,23,low,234020
syn-001340,13,medium,97960
syn-001341,5,high,102443
syn-001342,1,low,96044
syn-001343,3,low,84671
syn-001344,20,medium,77471
syn-001345,1,low,154748
syn-001346,7,medium,239643
syn-001347,12,high,94323
syn-001348,2,high,202318
syn-001349,4,low,106652
syn-001350,16,low,138193
syn-001351,19,medium,149703
syn-001352,21,low,90736
syn-001353,9,low,205045
syn-001354,1,high,232677
syn-001355,11,medium,84656
syn-001356,20,medium,209559
syn-001357,5,low,95486
syn-001358,21,low,154040
syn-001359,15,high,105754
syn-001360,21,medium,157048
syn-001361,8,low,60512
syn-001362,3,low,212219
syn-001363,6,medium,183070
syn-001364,10,high,88902
syn-001365,22,low,114168
syn-001366,10,medium,243033
syn-001367,5,medium,124845
syn-001368,6,medium,193472
syn-001369,9,high,79559
syn-001370,15,medium,245989
syn-001371,6,high,91852
syn-001372,19,high,206920
syn-001373,9,medium,221630
syn-001374,15,low,231225
syn-001375,5,medium,89421
syn-001376,8,high,172197
syn-001377,17,high,167231
syn-001378,22,medium,241545
syn-001379,3,medium,135565
syn-001380,21,high,159774
syn-001381,6,medium,149426
syn-001382,0,low,107682
syn-001383,22,medium,100006
syn-001384,12,low,81208
syn-001385,14,medium,89063
syn-001386,9,high,56544
syn-001387,5,medium,215803
syn-001388,0,low,164816
syn-001389,5,low,98982
syn-001390,14,low,102663
syn-001391,4,low,166812
syn-001392,3,low,63222
syn-001393,22,low,80803
syn-001394,17,low,225357
syn-001395,8,medium,64096
syn-001396,10,low,79735
syn-001397,18,low,107055
syn-001398,18,low,57028
syn-001399,8,medium,51515
syn-001400,9,low,61257
syn-001401,15,medium,204006
syn-001402,23,medium,200251
syn-001403,13,low,246137
syn-001404,19,medium,160521
syn-001405,2,low,243991
syn-001406,7,medium,197587
syn-001407,6,high,76374
syn-001408,17,medium,97205
syn-001409,3,medium,133684
syn-001410,13,medium,124184
syn-001411,11,high,73405
syn-001412,3,low,102623
syn-001413,16,high,186878
syn-001414,19,low,184460
syn-001415,20,medium,90892
syn-001416,22,high,224019
syn-001417,1,high,106456
syn-001418,0,medium,119424
syn-001419,10,low,151281
syn-001420,22,low,134847
syn-001421,16,high,134368
syn-001422,11,medium,80426
syn-001423,3,medium,131038
syn-001424,5,medium,226278
syn-001425,18,low,245886
syn-001426,15,low,60181
syn-001427,6,medium,202941
syn-001428,7,low,164149
syn-001429,18,medium,158921
syn-001430,10,low,156857
syn-001431,5,medium,134609
syn-001432,7,low,170200
syn-001433,10,low,127899
syn-001434,10,medium,176513
syn-001435,21,high,174212
syn-001436,8,low,107152
syn-001437,6,low,165319
syn-001438,18,medium,198884
syn-001439,10,low,207376
syn-001440,4,low,118283
syn-001441,0,low,170035
syn-001442,22,medium,219227
syn-001443,19,low,246477
syn-001444,18,high,232320
syn-001445,21,high,156495
syn-001446,22,low,130410
syn-001447,0,medium,174057
syn-001448,1,medium,182084
syn-001449,9,low,72828
syn-001450,15,medium,166273
syn-001451,13,low,235466
syn-001452,16,low,235338
syn-001453,22,low,142052
syn-001454,15,high,114476
syn-001455,11,medium,225383
syn-001456,15,high,229645
syn-001457,10,medium,194932
syn-001458,21,high,107131
syn-001459,16,low,145634
syn-001460,4,low,107327
syn-001461,18,medium,76703
syn-001462,12,low,82076
syn-001463,14,low,84306
syn-001464,15,medium,74164
syn-001465,4,medium,210818
syn-001466,3,high,78425
syn-001467,21,low,156040
syn-001468,8,high,93911
syn-001469,3,medium,221873
syn-001470,0,medium,76369
syn-001471,13,low,108318
syn-001472,12,medium,99393
syn-001473,11,medium,68886
syn-001474,22,low,172002
syn-001475,2,low,163888
syn-001476,8,low,125500
syn-001477,2,medium,114183
syn-001478,16,medium,90806
syn-001479,10,high,75895
syn-001480,14,low,123366
syn-001481,6,low,236542
syn-001482,2,high,243836
syn-001483,23,high,170613
syn-001484,7,low,148855
syn-001485,19,low,190512
syn-001486,9,low,198898
syn-001487,4,medium,68143
syn-001488,8,high,187590
syn-001489,7,low,138384
syn-001490,15,medium,79395
syn-001491,11,low,142659
syn-001492,23,low,90037
syn-001493,9,high,183650
syn-001494,23,medium,54460
syn-001495,21,low,80794
syn-001496,22,low,143036
syn-001497,0,low,137173
syn-001498,11,low,92566
syn-001499,18,medium,186015
syn-001500,20,medium,123735
syn-001501,14,medium,221003
syn-001502,3,low,55057
syn-001503,23,high,190727
syn-001504,6,medium,64526
syn-001505,7,high,146874
syn-001506,2,medium,203878
syn-001507,11,low,149638
syn-001508,9,low,152319
syn-001509,14,high,107681
syn-001510,20,medium,219258
syn-001511,4,high,137556
syn-001512,8,low,197149
syn-001513,22,low,144433
syn-001514,18,low,176177
syn-001515,18,low,244769
syn-001516,13,medium,88444
syn-001517,1,medium,144753
syn-001518,23,high,249846
syn-001519,19,low,121444
syn-001520,1,low,233698
syn-001521,6,high,145124
syn-001522,22,high,166704
syn-001523,5,low,58177
syn-001524,13,high,150813
syn-001525,9,high,158011
syn-001526,12,medium,184241
syn-001527,18,medium,106781
syn-001528,7,low,141320
syn-001529,12,medium,170381
syn-001530,13,low,178469
syn-001531,14,high,104791
syn-001532,11,medium,135213
syn-001533,11,high,181763
syn-001534,13,medium,222654
syn-001535,16,low,212043
syn-001536,3,low,59475
syn-001537,16,low,138568
syn-001538,6,medium,184816
syn-001539,0,medium,188784
syn-001540,18,low,179402
syn-001541,8,low,102161
syn-001542,14,low,63434
syn-001543,9,medium,80031
syn-001544,0,medium,244602
syn-001545,19,high,208412
syn-001546,13,low,95406
syn-001547,16,medium,168917
syn-001548,14,medium,108253
syn-001549,13,medium,144371
syn-001550,5,low,186065
syn-001551,7,low,64642
syn-001552,0,low,235469
syn-001553,11,low,131326
syn-001554,11,medium,235800
syn-001555,2,low,61424
syn-001556,15,medium,237343
syn-001557,0,high,95394
syn-001558,18,high,186076
syn-001559,21,medium,84706
syn-001560,15,low,77783
syn-001561,2,high,114123
syn-001562,14,medium,185631
syn-001563,15,medium,89196
syn-001564,15,low,60598
syn-001565,17,medium,233741
syn-001566,23,medium,121287
syn-001567,6,medium,141984
syn-001568,18,high,115788
syn-001569,13,medium,166527
syn-001570,0,high,165443
syn-001571,6,medium,212590
syn-001572,6,low,190224
syn-001573,11,medium,149488
syn-001574,0,low,196243
syn-001575,9,medium,183728
syn-001576,6,high,102383
syn-001577,4,medium,234434
syn-001578,13,low,179932
syn-001579,9,low,135746
syn-001580,0,low,218775
syn-001581,20,medium,200484
syn-001582,23,low,196959
syn-001583,18,medium,175057
syn-001584,19,medium,245387
syn-001585,11,low,137353
syn-001586,4,medium,113576
syn-001587,10,low,234146
syn-001588,2,low,211618
syn-001589,14,low,177809
syn-001590,20,low,75182
syn-001591,21,high,62369
syn-001592,14,high,241081
syn-001593,13,low,172347
syn-001594,7,low,106730
syn-001595,16,low,176406
syn-001596,21,medium,88107
syn-001597,18,low,107954
syn-001598,8,high,200018
syn-001599,8,high,185744
syn-001600,15,high,75472
syn-001601,5,low,81287
syn-001602,21,medium,194863
syn-001603,12,low,178965
syn-001604,12,high,171512
syn-001605,21,medium,227572
syn-001606,23,low,125467
syn-001607,20,medium,206716
syn-001608,22,low,197708
syn-001609,1,low,235345
syn-001610,7,medium,111672
syn-001611,17,low,241251
syn-001612,23,low,115710
syn-001613,6,low,242111
syn-001614,4,low,248272
syn-001615,7,medium,240717
syn-001616,22,low,104389
syn-001617,20,medium,157352
syn-001618,13,medium,168317
syn-001619,0,low,179194
syn-001620,1,high,139830
syn-001621,2,medium,168174
syn-001622,2,low,123851
syn-001623,2,high,53636
syn-001624,1,low,178037
syn-001625,11,medium,53743
syn-001626,18,medium,226419
syn-001627,14,medium,53507
syn-001628,2,low,160989
syn-001629,21,low,210278
syn-001630,11,low,69039
syn-001631,20,high,145120
syn-001632,14,low,57673
syn-001633,11,medium,174279
syn-001634,14,medium,110232
syn-001635,20,low,164403
syn-001636,20,low,52987
syn-001637,17,low,70240
syn-001638,3,low,231742
syn-001639,6,medium,129170
syn-001640,8,medium,140977
syn-001641,5,low,63933
syn-001642,9,low,56938
syn-001643,3,medium,171958
syn-001644,3,low,146185
syn-001645,20,medium,223986
syn-001646,16,low,142313
syn-001647,19,low,237478
syn-001648,21,low,156115
syn-001649,5,medium,245295
syn-001650,3,low,93719
syn-001651,8,high,161350
syn-001652,6,low,136652
syn-001653,16,low,231534
syn-001654,8,high,55774
syn-001655,14,high,80861
syn-001656,8,medium,249419
syn-001657,7,low,244160
syn-001658,20,medium,176235
syn-001659,4,medium,114373
syn-001660,4,low,115140
syn-001661,17,high,240430
syn-001662,3,low,63499
syn-001663,2,high,188238
syn-001664,3,high,210803
syn-001665,21,low,78457
syn-001666,17,low,59545
syn-001667,12,medium,178456
syn-001668,14,high,217560
syn-001669,23,high,57457
syn-001670,18,low,55197
syn-001671,21,low,133218
syn-001672,8,medium,55246
syn-001673,11,medium,222718
syn-001674,3,medium,188308
syn-001675,15,medium,123772
syn-001676,23,low,110903
syn-001677,2,medium,155229
syn-001678,4,medium,135221
syn-001679,17,medium,156603
syn-001680,10,low,87137
syn-001681,15,medium,201250
syn-001682,15,low,74058
syn-001683,15,low,171209
syn-001684,0,high,88724
syn-001685,4,high,159636
syn-001686,0,medium,184030
syn-001687,8,medium,131956
syn-001688,12,medium,54462
syn-001689,8,high,239309
syn-001690,3,high,115774
syn-001691,18,low,137140
syn-001692,8,low,172986
syn-001693,14,low,240757
syn-001694,9,medium,177138
syn-001695,7,low,111960
syn-001696,20,medium,124062
syn-001697,16,medium,70625
syn-001698,11,medium,59817
syn-001699,14,medium,167041
syn-001700,12,low,144696
syn-001701,22,low,157444
syn-001702,15,medium,161526
syn-001703,17,low,192955
syn-001704,15,medium,163670
syn-001705,7,low,225789
syn-001706,5,medium,203652
syn-001707,9,low,199579
syn-001708,4,medium,54810
syn-001709,18,low,184819
syn-001710,20,medium,53224
syn-001711,22,low,97942
syn-001712,12,low,163417
syn-001713,13,medium,170835
syn-001714,6,medium,177614
syn-001715,22,high,111542
syn-001716,7,low,96234
syn-001717,12,medium,93771
syn-001718,14,medium,78099
syn-001719,17,low,57888
syn-001720,0,low,240768
syn-001721,13,low,131553
syn-001722,17,medium,61769
syn-001723,9,medium,234304
syn-001724,7,high,190279
syn-001725,9,high,186791
syn-001726,9,medium,58617
syn-001727,16,high,69494
syn-001728,5,high,172579
syn-001729,19,low,193471
syn-001730,9,medium,117305
syn-001731,18,high,194389
syn-001732,3,medium,69108
syn-001733,9,low,110516
syn-001734,5,high,153553
syn-001735,5,medium,160517
syn-001736,2,low,171269
syn-001737,11,medium,108492
syn-001738,19,low,191417
syn-001739,0,medium,102745
syn-001740,15,medium,87116
syn-001741,6,high,153439
syn-001742,23,low,238864
syn-001743,2,low,106514
syn-001744,12,low,206670
syn-001745,17,low,215566
syn-001746,10,low,201328
syn-001747,17,low,113294
syn-001748,1,medium,165613
syn-001749,6,high,94476
syn-001750,19,low,167414
syn-001751,6,low,240219
syn-001752,18,low,214664
syn-001753,8,medium,172405
syn-001754,4,high,110249
syn-001755,5,medium,214140
syn-001756,22,low,194937
syn-001757,19,medium,77887
syn-001758,9,medium,115669
syn-001759,23,medium,161156
syn-001760,8,medium,60668
syn-001761,19,medium,156889
syn-001762,22,low,139347
syn-001763,5,high,56724
syn-001764,20,low,71086
syn-001765,7,low,119764
syn-001766,4,high,131988
syn-001767,7,medium,122047
syn-001768,19,medium,145105
syn-001769,21,medium,69540
syn-001770,2,medium,191749
syn-001771,0,high,246269
syn-001772,23,medium,66613
syn-001773,12,medium,209739
syn-001774,22,low,189779
syn-001775,17,high,76130
syn-001776,19,low,65730
syn-001777,22,high,158673
syn-001778,18,low,123368
syn-001779,15,low,100124
syn-001780,18,low,51230
syn-001781,10,high,145635
syn-001782,13,low,69213
syn-001783,22,low,53512
syn-001784,10,low,64243
syn-001785,7,low,187210
syn-001786,16,low,214576
syn-001787,22,low,238369
syn-001788,9,medium,242289
syn-001789,19,low,56936
syn-001790,16,high,78397
syn-001791,20,medium,230801
syn-001792,9,low,218137
syn-001793,16,low,180345
syn-001794,7,medium,140112
syn-001795,7,high,131328
syn-001796,6,medium,237379
syn-001797,18,low,228830
syn-001798,12,medium,210249
syn-001799,20,medium,203569
syn-001800,2,low,209609
syn-001801,7,low,93113
syn-001802,17,medium,168926
syn-001803,20,low,232699
syn-001804,10,low,144801
syn-001805,0,medium,84927
syn-001806,10,low,224075
syn-001807,11,low,186442
syn-001808,3,medium,193650
syn-001809,9,low,221573
syn-001810,1,medium,58159
syn-001811,9,low,99696
syn-001812,12,low,88169
syn-001813,18,low,201951
syn-001814,18,high,218761
syn-001815,14,low,213642
syn-001816,17,low,157856
syn-001817,12,high,126600
syn-001818,13,low,65011
syn-001819,4,low,90772
syn-001820,16,medium,210157
syn-001821,10,medium,234378
syn-001822,0,high,174875
syn-001823,10,low,108662
syn-001824,13,low,95612
syn-001825,20,low,112376
syn-001826,23,medium,217465
syn-001827,19,low,200110
syn-001828,2,low,145355
syn-001829,0,medium,179489
syn-001830,7,low,135901
syn-001831,10,low,107531
syn-001832,2,low,198166
syn-001833,18,medium,169379
syn-001834,1,low,200564
syn-001835,3,high,244583
syn-001836,12,low,103510
syn-001837,22,medium,60047
syn-001838,3,low,124512
syn-001839,9,high,164746
syn-001840,8,low,188322
syn-001841,17,low,225600
syn-001842,8,low,166492
syn-001843,2,high,248461
syn-001844,3,medium,242270
syn-001845,21,medium,152682
syn-001846,23,high,159296
syn-001847,14,low,129911
syn-001848,7,high,181214
syn-001849,22,high,79840
syn-001850,13,low,110071
syn-001851,23,medium,112666
syn-001852,15,medium,212508
syn-001853,14,low,73047
syn-001854,17,medium,121222
syn-001855,4,low,115686
syn-001856,17,low,151120
syn-001857,20,low,51145
syn-001858,16,low,145485
syn-001859,16,high,81295
syn-001860,12,high,117323
syn-001861,22,medium,151877
syn-001862,5,high,131531
syn-001863,13,medium,194304
syn-001864,11,low,246507
syn-001865,14,low,147998
syn-001866,11,medium,133755
syn-001867,3,medium,246779
syn-001868,19,high,53481
syn-001869,8,low,164569
syn-001870,3,high,174490
syn-001871,13,high,61573
syn-001872,4,low,51541
syn-001873,20,medium,235483
syn-001874,16,low,94277
syn-001875,2,low,126915
syn-001876,14,medium,229045
syn-001877,3,low,215568
syn-001878,10,low,81522
syn-001879,21,medium,246032
syn-001880,8,medium,66833
syn-001881,3,medium,190014
syn-001882,6,medium,221707
syn-001883,5,medium,242440
syn-001884,8,low,103337
syn-001885,14,low,113425
syn-001886,17,medium,157010
syn-001887,1,low,213490
syn-001888,19,medium,128784
syn-001889,10,medium,232967
syn-001890,2,medium,202342
syn-001891,14,low,120447
syn-001892,9,high,106153
syn-001893,5,medium,189565
syn-001894,23,low,183632
syn-001895,12,medium,218240
syn-001896,23,low,87393
syn-001897,13,high,203264
syn-001898,13,medium,64306
syn-001899,13,high,124627
syn-001900,20,medium,248283
syn-001901,7,low,226622
syn-001902,18,low,184502
syn-001903,0,low,232001
syn-001904,16,low,243401
syn-001905,7,high,170651
syn-001906,15,medium,151056
syn-001907,3,low,170792
syn-001908,22,low,160330
syn-001909,8,low,235186
syn-001910,4,low,188494
syn-001911,13,high,145497
syn-001912,6,low,54412
syn-001913,7,high,84292
syn-001914,17,high,234104
syn-001915,18,low,154596
syn-001916,10,high,215407
syn-001917,13,low,67242
syn-001918,4,low,194419
syn-001919,14,low,244498
syn-001920,14,medium,226012
syn-001921,17,high,205726
syn-001922,11,high,209351
syn-001923,3,low,81702
syn-001924,9,high,78530
syn-001925,1,medium,113119
syn-001926,12,low,97975
syn-001927,9,medium,128336
syn-001928,3,high,208083
syn-001929,5,low,169414
syn-001930,1,low,120944
syn-001931,13,medium,161147
syn-001932,13,low,145094
syn-001933,17,medium,190497
syn-001934,22,medium,144414
syn-001935,16,high,166076
syn-001936,9,medium,156637
syn-001937,18,low,116774
syn-001938,5,low,115244
syn-001939,8,medium,209575
syn-001940,8,medium,99061
syn-001941,3,low,63129
syn-001942,6,low,150839
syn-001943,3,high,207044
syn-001944,16,low,237214
syn-001945,16,high,194587
syn-001946,15,low,241488
syn-001947,18,low,155862
syn-001948,19,low,175881
syn-001949,17,low,158039
syn-001950,5,medium,213142
syn-001951,9,high,225936
syn-001952,22,low,73465
syn-001953,10,low,104482
syn-001954,10,low,123868
syn-001955,23,low,93011
syn-001956,21,low,86696
syn-001957,18,medium,84428
syn-001958,10,low,130030
syn-001959,22,medium,81862
syn-001960,4,medium,129650
syn-001961,5,low,120852
syn-001962,10,low,109430
syn-001963,19,medium,140040
syn-001964,17,high,170446
syn-001965,6,low,145152
syn-001966,3,low,51316
syn-001967,21,medium,72808
syn-001968,14,low,127231
syn-001969,9,medium,127695
syn-001970,2,medium,78503
syn-001971,22,low,222929
syn-001972,5,low,159440
syn-001973,17,medium,132887
syn-001974,21,medium,232467
syn-001975,22,medium,189460
syn-001976,1,medium,135638
syn-001977,23,low,120014
syn-001978,0,low,66886
syn-001979,6,high,210110
syn-001980,2,low,173529
syn-001981,19,medium,112484
syn-001982,9,medium,90011
syn-001983,1,medium,123680
syn-001984,3,medium,111715
syn-001985,22,low,84457
syn-001986,21,high,127605
syn-001987,4,high,96005
syn-001988,6,low,128344
syn-001989,6,medium,118995
syn-001990,5,medium,189265
syn-001991,6,medium,159161
syn-001992,2,low,160876
syn-001993,2,medium,153130
syn-001994,22,low,72778
syn-001995,20,low,184387
syn-001996,7,low,167172
syn-001997,19,medium,81761
syn-001998,14,medium,153889
syn-001999,20,medium,144776
syn-002000,17,low,60173
syn-002001,23,high,87524
syn-002002,0,low,126219
syn-002003,6,low,187266
syn-002004,6,low,56967
syn-002005,5,low,234133
syn-002006,2,low,155169
syn-002007,10,low,149435
syn-002008,2,medium,64770
syn-002009,15,medium,116032
syn-002010,8,low,117740
syn-002011,19,medium,163058
syn-002012,23,low,146986
syn-002013,4,low,228317
syn-002014,15,low,169823
syn-002015,21,medium,165691
syn-002016,23,medium,212828
syn-002017,7,high,82993
syn-002018,3,medium,96223
syn-002019,22,medium,185288
syn-002020,9,medium,63647
syn-002021,1,medium,165064
syn-002022,0,medium,58468
syn-002023,6,low,106112
syn-002024,4,medium,111419
syn-002025,7,medium,239149
syn-002026,4,low,207559
syn-002027,4,medium,159020
syn-002028,6,low,145056
syn-002029,10,low,205924
syn-002030,15,low,156539
syn-002031,1,medium,150536
syn-002032,2,low,241269
syn-002033,19,low,181703
syn-002034,2,low,80346
syn-002035,1,medium,204998
syn-002036,23,medium,148565
syn-002037,12,high,157688
syn-002038,18,high,79600
syn-002039,12,high,105633
syn-002040,4,low,158929
syn-002041,22,low,193209
syn-002042,8,low,248658
syn-002043,15,low,108910
syn-002044,4,medium,192944
syn-002045,9,low,175986
syn-002046,3,medium,190403
syn-002047,0,low,226345
syn-002048,2,high,133826
syn-002049,18,low,207219
syn-002050,5,low,123827
syn-002051,8,medium,106668
syn-002052,17,high,132849
syn-002053,8,medium,231299
syn-002054,20,low,117661
syn-002055,14,low,81605
syn-002056,23,low,215986
syn-002057,20,low,172386
syn-002058,18,low,149417
syn-002059,12,medium,126906
syn-002060,9,medium,59699
syn-002061,14,low,111827
syn-002062,0,high,224016
syn-002063,9,medium,113595
syn-002064,6,low,164695
syn-002065,22,medium,200298
syn-002066,9,low,222885
syn-002067,4,medium,83506
syn-002068,2,medium,104574
syn-002069,11,medium,173063
syn-002070,2,low,66262
syn-002071,20,low,249959
syn-002072,6,high,154982
syn-002073,7,low,205750
syn-002074,23,low,83471
syn-002075,11,low,186170
syn-002076,22,low,90875
syn-002077,3,medium,240476
syn-002078,16,low,213019
syn-002079,19,low,207032
syn-002080,9,medium,71894
syn-002081,17,medium,55559
syn-002082,2,medium,144120
syn-002083,9,low,55217
syn-002084,15,high,245366
syn-002085,15,high,214283
syn-002086,23,medium,159834
syn-002087,18,low,138981
syn-002088,9,high,125791
syn-002089,16,medium,197488
syn-002090,21,low,55555
syn-002091,7,high,232477
syn-002092,22,low,204271
syn-002093,20,low,127503
syn-002094,11,low,160112
syn-002095,13,high,246116
syn-002096,19,low,50394
syn-002097,0,low,200036
syn-002098,4,medium,165333
syn-002099,7,low,248831
syn-002100,10,medium,111583
syn-002101,18,low,159061
syn-002102,3,low,167683
syn-002103,20,medium,146319
syn-002104,21,high,126235
syn-002105,9,low,109632
syn-002106,4,low,104566
syn-002107,18,low,107307
syn-002108,2,low,231445
syn-002109,12,low,160632
syn-002110,22,low,218999
syn-002111,12,medium,199689
syn-002112,12,low,196619
syn-002113,14,medium,167618
syn-002114,1,high,126335
syn-002115,2,medium,54780
syn-002116,1,medium,155932
syn-002117,13,high,240614
syn-002118,15,low,220079
syn-002119,8,low,247574
syn-002120,5,low,153908
syn-002121,18,low,124493
syn-002122,17,low,203641
syn-002123,7,low,180564
syn-002124,0,medium,232243
syn-002125,3,low,70662
syn-002126,22,medium,94985
syn-002127,8,low,171694
syn-002128,9,high,132185
syn-002129,16,medium,120729
syn-002130,20,medium,183610
syn-002131,7,low,239095
syn-002132,7,high,169999
syn-002133,2,low,115944
syn-002134,19,low,74888
syn-002135,20,medium,147334
syn-002136,9,medium,56759
syn-002137,0,low,157984
syn-002138,2,low,179917
syn-002139,18,high,153091
syn-002140,20,low,137630
syn-002141,21,medium,187452
syn-002142,8,low,57746
syn-002143,14,medium,150202
syn-002144,21,low,126418
syn-002145,2,medium,121468
syn-002146,7,low,187202
syn-002147,3,low,225217
syn-002148,1,medium,175045
syn-002149,11,low,122954
syn-002150,8,medium,195275
syn-002151,2,low,171203
syn-002152,10,low,95527
syn-002153,11,low,114610
syn-002154,21,medium,176993
syn-002155,3,high,178570
syn-002156,19,medium,93322
syn-002157,10,medium,115585
syn-002158,21,medium,67519
syn-002159,20,high,87728
syn-002160,17,low,161080
syn-002161,14,medium,136058
syn-002162,14,low,245290
syn-002163,4,low,59391
syn-002164,8,low,186097
syn-002165,9,medium,188377
syn-002166,11,low,235668
syn-002167,22,medium,104428
syn-002168,11,low,134674
syn-002169,20,low,112060
syn-002170,17,low,95251
syn-002171,2,high,52354
syn-002172,17,high,76638
syn-002173,18,low,53432
syn-002174,12,high,134481
syn-002175,4,low,144238
syn-002176,18,medium,190060
syn-002177,9,high,61624
syn-002178,16,high,168436
syn-002179,16,high,219071
syn-002180,18,medium,113334
syn-002181,7,medium,248796
syn-002182,3,low,111746
syn-002183,1,low,75977
syn-002184,23,low,219515
syn-002185,14,medium,230107
syn-002186,16,low,135084
syn-002187,21,low,69265
syn-002188,2,medium,50472
syn-002189,3,medium,74389
syn-002190,8,high,59496
syn-002191,22,low,155338
syn-002192,15,low,149020
syn-002193,4,low,233264
syn-002194,5,medium,207945
syn-002195,11,low,130675
syn-002196,12,low,71062
syn-002197,6,medium,77482
syn-002198,10,low,95196
syn-002199,19,high,56987
syn-002200,2,low,140686
syn-002201,16,medium,167622
syn-002202,11,medium,97802
syn-002203,6,low,239264
syn-002204,0,low,247832
syn-002205,19,low,100032
syn-002206,8,low,226463
syn-002207,2,high,159116
syn-002208,9,high,126898
syn-002209,14,high,216474
syn-002210,8,low,194621
syn-002211,21,low,87773
syn-002212,18,medium,135320
syn-002213,9,low,166304
syn-002214,11,low,160978
syn-002215,3,low,164302
syn-002216,20,low,138038
syn-002217,21,medium,202463
syn-002218,11,low,218848
syn-002219,22,low,176244
syn-002220,23,high,212405
syn-002221,9,medium,239844
syn-002222,8,medium,152574
syn-002223,22,low,82136
syn-002224,18,high,119600
syn-002225,14,low,183542
syn-002226,8,low,173581
syn-002227,23,low,188022
syn-002228,23,low,115377
syn-002229,14,low,167702
syn-002230,4,low,241600
syn-002231,16,high,173163
syn-002232,8,medium,149827
syn-002233,14,low,82535
syn-002234,9,high,70989
syn-002235,10,low,148846
syn-002236,11,low,208845
syn-002237,2,medium,233779
syn-002238,13,medium,114742
syn-002239,20,low,57349
syn-002240,3,high,235837
syn-002241,13,medium,183996
syn-002242,10,medium,58194
syn-002243,22,low,155605
syn-002244,22,low,158586
syn-002245,5,low,96336
syn-002246,15,low,159888
syn-002247,23,low,70782
syn-002248,21,medium,84352
syn-002249,18,low,98250
syn-002250,1,medium,182752
syn-002251,18,low,226215
syn-002252,1,medium,249285
syn-002253,11,low,65330
syn-002254,2,low,154414
syn-002255,10,high,221730
syn-002256,14,low,218710
syn-002257,18,low,159010
syn-002258,23,low,172805
syn-002259,8,low,56742
syn-002260,19,low,231807
syn-002261,7,low,200684
syn-002262,1,low,117295
syn-002263,13,low,123561
syn-002264,5,high,154035
syn-002265,23,low,152952
syn-002266,19,high,80087
syn-002267,0,high,239966
syn-002268,10,high,133991
syn-002269,5,medium,166626
syn-002270,20,medium,82623
syn-002271,1,low,166819
syn-002272,13,low,210044
syn-002273,21,high,136652
syn-002274,16,high,62986
syn-002275,20,high,140270
syn-002276,19,low,130174
syn-002277,12,low,141020
syn-002278,5,low,228898
syn-002279,3,medium,112383
syn-002280,12,medium,109672
syn-002281,22,low,235601
syn-002282,10,medium,243467
syn-002283,18,high,212105
syn-002284,0,medium,179933
syn-002285,13,high,228101
syn-002286,7,high,130954
syn-002287,9,medium,171652
syn-002288,4,high,165728
syn-002289,21,medium,82024
syn-002290,8,medium,108188
syn-002291,16,high,78320
syn-002292,13,medium,54882
syn-002293,22,low,238216
syn-002294,4,high,207283
syn-002295,12,low,208354
syn-002296,23,medium,213941
syn-002297,1,medium,217223
syn-002298,11,high,126517
syn-002299,1,medium,164812
syn-002300,23,low,222936
syn-002301,0,medium,76126
syn-002302,18,high,194361
syn-002303,16,low,74658
syn-002304,19,medium,141886
syn-002305,2,low,223987
syn-002306,4,medium,156743
syn-002307,2,low,237389
syn-002308,1,high,182665
syn-002309,2,medium,159751
syn-002310,10,low,69706
syn-002311,13,high,80942
syn-002312,9,medium,117476
syn-002313,8,low,195337
syn-002314,19,medium,53861
syn-002315,6,high,203902
syn-002316,12,low,128597
syn-002317,21,low,51807
syn-002318,17,medium,202364
syn-002319,9,medium,156009
syn-002320,16,medium,166868
syn-002321,5,low,54786
syn-002322,8,medium,194675
syn-002323,20,high,62626
syn-002324,4,low,168440
syn-002325,4,high,107577
syn-002326,21,medium,200334
syn-002327,4,low,50656
syn-002328,16,low,122932
syn-002329,15,medium,144690
syn-002330,23,high,138541
syn-002331,9,low,94122
syn-002332,9,high,106401
syn-002333,1,high,171291
syn-002334,0,high,64246
syn-002335,14,medium,237053
syn-002336,2,medium,212829
syn-002337,8,medium,239535
syn-002338,15,low,131228
syn-002339,4,medium,65661
syn-002340,16,high,240145
syn-002341,21,low,228172
syn-002342,21,low,108117
syn-002343,12,high,189329
syn-002344,21,medium,170220
syn-002345,7,low,137976
syn-002346,12,high,185336
syn-002347,18,low,111548
syn-002348,14,low,171989
syn-002349,18,low,68906
syn-002350,4,low,158402
syn-002351,16,low,130849
syn-002352,18,high,54099
syn-002353,11,medium,76668
syn-002354,17,low,168064
syn-002355,7,low,188110
syn-002356,16,high,196882
syn-002357,9,medium,92831
syn-002358,7,low,199033
syn-002359,5,low,103965
syn-002360,20,low,205673
syn-002361,1,low,82799
syn-002362,17,low,222330
syn-002363,20,low,228437
syn-002364,9,low,75391
syn-002365,21,low,133201
syn-002366,3,high,60946
syn-002367,5,low,57516
syn-002368,9,low,203120
syn-002369,4,high,75338
syn-002370,13,low,135399
syn-002371,20,low,158913
syn-002372,23,low,185815
syn-002373,1,medium,99803
syn-002374,15,low,141505
syn-002375,1,medium,170039
syn-002376,20,medium,222879
syn-002377,18,low,122254
syn-002378,19,medium,166924
syn-002379,15,low,137757
syn-002380,1,low,215527
syn-002381,7,low,189926
syn-002382,17,medium,167076
syn-002383,16,medium,207209
syn-002384,8,low,127549
syn-002385,20,low,149655
syn-002386,18,high,160417
syn-002387,8,high,216297
syn-002388,1,high,82552
syn-002389,17,high,57230
syn-002390,1,low,193965
syn-002391,8,high,88856
syn-002392,2,low,122730
syn-002393,6,medium,151892
syn-002394,5,low,228567
syn-002395,20,high,97072
syn-002396,1,high,179140
syn-002397,19,low,113070
syn-002398,16,low,81521
syn-002399,8,high,247569
syn-002400,23,low,153127
syn-002401,4,high,195722
syn-002402,22,low,97275
syn-002403,12,medium,52109
syn-002404,4,high,55631
syn-002405,17,low,150367
syn-002406,21,high,207960
syn-002407,18,low,154071
syn-002408,21,medium,69013
syn-002409,19,low,89460
syn-002410,0,high,73278
syn-002411,10,medium,249605
syn-002412,5,low,126589
syn-002413,19,medium,216609
syn-002414,16,low,67157
syn-002415,18,low,75350
syn-002416,4,high,191560
syn-002417,4,high,187443
syn-002418,14,medium,66625
syn-002419,16,low,142837
syn-002420,2,high,63200
syn-002421,5,high,79715
syn-002422,0,medium,86690
syn-002423,5,high,166770
syn-002424,18,high,249625
syn-002425,22,medium,105940
syn-002426,0,low,210598
syn-002427,1,high,215976
syn-002428,21,high,158216
syn-002429,2,low,219425
syn-002430,7,medium,113029
syn-002431,21,low,119603
syn-002432,20,low,224027
syn-002433,2,low,85403
syn-002434,1,high,171803
syn-002435,14,high,185526
syn-002436,4,low,126068
syn-002437,10,high,165875
syn-002438,5,low,118305
syn-002439,19,low,105648
syn-002440,0,medium,178805
syn-002441,22,low,94788
syn-002442,7,low,80164
syn-002443,9,low,124303
syn-002444,5,low,148446
syn-002445,19,low,107580
syn-002446,0,high,231184
syn-002447,13,medium,216953
syn-002448,9,low,212883
syn-002449,23,low,128185
syn-002450,0,medium,106688
syn-002451,18,medium,192671
syn-002452,4,medium,216947
syn-002453,3,low,248817
syn-002454,5,low,85195
syn-002455,1,medium,130846
syn-002456,9,high,205897
syn-002457,8,low,152423
syn-002458,13,medium,173722
syn-002459,7,low,158680
syn-002460,20,medium,133752
syn-002461,10,medium,203105
syn-002462,23,high,133878
syn-002463,18,high,120182
syn-002464,5,medium,155657
syn-002465,17,medium,62218
syn-002466,7,high,169104
syn-002467,12,low,126134
syn-002468,7,high,145772
syn-002469,22,low,178048
syn-002470,9,low,96757
syn-002471,9,high,158788
syn-002472,18,medium,182182
syn-002473,10,medium,190560
syn-002474,8,low,109768
syn-002475,12,low,223610
syn-002476,14,medium,224507
syn-002477,3,medium,215350
syn-002478,0,medium,221236
syn-002479,3,medium,214134
syn-002480,5,low,196360
syn-002481,16,low,80675
syn-002482,8,high,120632
syn-002483,21,high,65330
syn-002484,21,high,225592
syn-002485,12,medium,60174
syn-002486,22,high,131379
syn-002487,3,medium,136092
syn-002488,23,high,224446
syn-002489,10,medium,222513
syn-002490,5,medium,186792
syn-002491,9,medium,64327
syn-002492,5,low,83817
syn-002493,11,low,109988
syn-002494,19,medium,67652
syn-002495,14,low,58926
syn-002496,14,low,67592
syn-002497,18,low,171729
syn-002498,1,high,245359
syn-002499,23,low,227443
syn-002500,10,medium,154893
syn-002501,22,low,249244
syn-002502,7,low,236937
syn-002503,23,medium,243893
syn-002504,18,medium,153512
syn-002505,19,low,80911
syn-002506,6,medium,186606
syn-002507,7,low,249763
syn-002508,7,medium,183287
syn-002509,23,low,57545
syn-002510,19,low,214400
syn-002511,10,low,73151
syn-002512,20,low,234669
syn-002513,13,medium,85837
syn-002514,15,medium,110277
syn-002515,8,low,201739
syn-002516,20,low,167230
syn-002517,5,high,149240
syn-002518,7,high,143391
syn-002519,18,high,143485
syn-002520,14,medium,64801
syn-002521,18,high,149597
syn-002522,23,high,140486
syn-002523,2,medium,87135
syn-002524,17,low,159698
syn-002525,12,low,200675
syn-002526,6,medium,210316
syn-002527,13,medium,74986
syn-002528,13,low,238867
syn-002529,1,medium,163729
syn-002530,9,high,60041
syn-002531,23,low,151952
syn-002532,3,low,160114
syn-002533,10,low,167722
syn-002534,15,high,189177
syn-002535,11,high,122806
syn-002536,21,low,110175
syn-002537,0,high,241568
syn-002538,15,low,170283
syn-002539,2,low,176460
syn-002540,23,high,221443
syn-002541,16,medium,77281
syn-002542,22,high,112858
syn-002543,2,medium,104608
syn-002544,23,low,159823
syn-002545,11,low,136646
syn-002546,0,medium,197160
syn-002547,4,low,112092
syn-002548,17,high,97475
syn-002549,7,high,83295
syn-002550,5,medium,218897
syn-002551,22,medium,130019
syn-002552,9,medium,198946
syn-002553,2,medium,170633
syn-002554,1,low,141612
syn-002555,1,low,116400
syn-002556,17,medium,202113
syn-002557,19,high,54584
syn-002558,17,medium,168368
syn-002559,21,medium,97595
syn-002560,15,low,182892
syn-002561,6,low,102998
syn-002562,15,medium,90286
syn-002563,10,high,95778
syn-002564,4,high,107421
syn-002565,2,low,150620
syn-002566,6,high,137213
syn-002567,14,low,162942
syn-002568,16,low,237922
syn-002569,14,medium,91581
syn-002570,6,low,183763
syn-002571,23,medium,59511
syn-002572,18,medium,147914
syn-002573,21,medium,163237
syn-002574,19,high,189649
syn-002575,5,low,73884
syn-002576,11,high,235951
syn-002577,6,low,119073
syn-002578,10,high,108724
syn-002579,20,low,164366
syn-002580,4,medium,228323
syn-002581,5,low,90135
syn-002582,15,low,159543
syn-002583,3,low,70243
syn-002584,1,low,203878
syn-002585,1,medium,125190
syn-002586,12,medium,239339
syn-002587,7,medium,89746
syn-002588,12,low,177704
syn-002589,17,high,136721
syn-002590,3,low,179262
syn-002591,16,low,50893
syn-002592,22,low,198724
syn-002593,12,low,195350
syn-002594,2,medium,116023
syn-002595,13,medium,217388
syn-002596,6,low,221760
syn-002597,21,medium,141922
syn-002598,11,low,88402
syn-002599,15,medium,198306
syn-002600,19,medium,68694
syn-002601,18,medium,145136
syn-002602,0,low,98929
syn-002603,13,low,59865
syn-002604,5,medium,218673
syn-002605,16,high,131425
syn-002606,13,medium,181858
syn-002607,8,high,53726
syn-002608,6,high,171714
syn-002609,19,medium,83574
syn-002610,3,low,87474
syn-002611,11,medium,116067
syn-002612,0,low,245421
syn-002613,7,low,121975
syn-002614,11,low,146391
syn-002615,6,medium,103611
syn-002616,2,medium,206287
syn-002617,11,low,95517
syn-002618,10,medium,147845
syn-002619,8,low,154965
syn-002620,10,low,140446
syn-002621,22,high,202000
syn-002622,7,high,184669
syn-002623,18,medium,146273
syn-002624,2,medium,174140
syn-002625,10,medium,178403
syn-002626,10,high,120651
syn-002627,22,low,132361
syn-002628,8,low,127767
syn-002629,1,low,200838
syn-002630,1,low,153663
syn-002631,19,medium,76118
syn-002632,15,low,147531
syn-002633,10,low,164840
syn-002634,18,medium,119575
syn-002635,19,high,147199
syn-002636,10,low,132121
syn-002637,21,high,95434
syn-002638,2,medium,111226
syn-002639,11,medium,175146
syn-002640,3,high,83075
syn-002641,1,low,213495
syn-002642,3,low,85521
syn-002643,6,high,221956
syn-002644,4,low,245162
syn-002645,4,medium,175100
syn-002646,7,medium,90010
syn-002647,10,medium,127910
syn-002648,3,medium,149122
syn-002649,2,medium,58338
syn-002650,7,high,226292
syn-002651,18,low,149962
syn-002652,16,high,214649
syn-002653,13,low,239559
syn-002654,21,low,148416
syn-002655,4,low,80129
syn-002656,15,low,186085
syn-002657,12,low,56351
syn-002658,20,medium,66047
syn-002659,2,medium,226243
syn-002660,1,high,245232
syn-002661,10,low,249200
syn-002662,12,medium,145472
syn-002663,22,medium,191226
syn-002664,9,medium,147761
syn-002665,16,medium,120245
syn-002666,9,high,149022
syn-002667,14,low,216817
syn-002668,19,low,149550
syn-002669,11,low,132275
syn-002670,12,low,194595
syn-002671,2,high,111362
syn-002672,17,medium,161988
syn-002673,17,medium,245621
syn-002674,8,medium,82218
syn-002675,11,low,197921
syn-002676,5,low,166415
syn-002677,12,high,185011
syn-002678,22,low,183577
syn-002679,6,medium,216393
syn-002680,19,medium,133304
syn-002681,11,medium,132825
syn-002682,19,medium,221281
syn-002683,6,medium,58841
syn-002684,3,low,100364
syn-002685,0,low,233888
syn-002686,0,medium,141534
syn-002687,1,low,168870
syn-002688,9,low,66130
syn-002689,22,low,201294
syn-002690,10,high,72544
syn-002691,5,low,152043
syn-002692,1,high,242923
syn-002693,1,medium,95118
syn-002694,23,medium,125603
syn-002695,9,high,125320
syn-002696,13,high,94916
syn-002697,11,high,153783
syn-002698,9,medium,218772
syn-002699,3,low,71883
syn-002700,11,low,193958
syn-002701,13,low,63810
syn-002702,4,medium,201920
syn-002703,6,low,174476
syn-002704,20,medium,64551
syn-002705,2,medium,229453
syn-002706,19,low,87782
syn-002707,21,low,201766
syn-002708,22,high,217757
syn-002709,19,low,163043
syn-002710,8,low,136917
syn-002711,5,medium,73151
syn-002712,16,low,232050
syn-002713,6,low,195159
syn-002714,4,low,104018
syn-002715,17,medium,170796
syn-002716,1,low,50240
syn-002717,0,medium,216556
syn-002718,13,low,163172
syn-002719,7,high,94398
syn-002720,18,high,129802
syn-002721,5,medium,181929
syn-002722,13,medium,125414
syn-002723,4,medium,185996
syn-002724,14,low,141669
syn-002725,8,low,62411
syn-002726,6,high,125003
syn-002727,19,low,134365
syn-002728,6,medium,51241
syn-002729,6,high,205894
syn-002730,16,low,230399
syn-002731,20,medium,57496
syn-002732,16,low,159384
syn-002733,9,low,161176
syn-002734,0,low,98296
syn-002735,3,medium,118670
syn-002736,8,medium,87010
syn-002737,22,medium,122343
syn-002738,11,low,236668
syn-002739,16,high,139437
syn-002740,17,medium,208943
syn-002741,7,low,115287
syn-002742,0,medium,150989
syn-002743,9,medium,193970
syn-002744,12,low,151603
syn-002745,23,medium,70311
syn-002746,12,medium,115952
syn-002747,23,low,118241
syn-002748,3,high,230245
syn-002749,13,medium,242748
syn-002750,21,low,78094
syn-002751,15,medium,209327
syn-002752,18,low,116429
syn-002753,12,low,239940
syn-002754,21,medium,115848
syn-002755,14,medium,168150
syn-002756,17,medium,72224
syn-002757,3,low,154011
syn-002758,18,low,114467
syn-002759,23,low,71316
syn-002760,8,low,114272
syn-002761,12,low,150730
syn-002762,11,low,135953
syn-002763,15,low,86370
syn-002764,4,medium,164445
syn-002765,2,low,227991
syn-002766,5,high,110100
syn-002767,11,low,84633
syn-002768,23,medium,212786
syn-002769,12,low,196797
syn-002770,11,low,147714
syn-002771,9,medium,228672
syn-002772,8,high,211888
syn-002773,14,low,89402
syn-002774,14,low,135902
syn-002775,13,low,154730
syn-002776,20,low,64083
syn-002777,12,low,241737
syn-002778,14,low,143778
syn-002779,16,low,121947
syn-002780,6,medium,191988
syn-002781,7,high,196635
syn-002782,15,high,75671
syn-002783,23,low,184265
syn-002784,5,high,71300
syn-002785,0,low,51404
syn-002786,16,medium,66526
syn-002787,20,medium,199931
syn-002788,19,high,51471
syn-002789,20,medium,194839
syn-002790,8,low,175858
syn-002791,11,low,78683
syn-002792,11,low,86267
syn-002793,5,low,236044
syn-002794,2,medium,228731
syn-002795,10,high,231843
syn-002796,18,medium,204043
syn-002797,13,low,169617
syn-002798,21,medium,206740
syn-002799,19,low,54891
syn-002800,1,low,60793
syn-002801,0,low,73362
syn-002802,10,medium,222080
syn-002803,6,low,106182
syn-002804,22,high,173717
syn-002805,13,medium,248146
syn-002806,18,high,178659
syn-002807,3,medium,53632
syn-002808,15,medium,222497
syn-002809,1,low,147490
syn-002810,15,high,211060
syn-002811,11,medium,155004
syn-002812,9,low,70895
syn-002813,6,low,192464
syn-002814,1,medium,138710
syn-002815,3,high,186669
syn-002816,3,high,70505
syn-002817,21,medium,158767
syn-002818,11,low,240628
syn-002819,3,low,103995
syn-002820,2,medium,229771
syn-002821,18,low,58910
syn-002822,23,medium,152781
syn-002823,19,medium,215668
syn-002824,21,medium,113879
syn-002825,15,medium,74024
syn-002826,16,high,221924
syn-002827,5,medium,220695
syn-002828,14,high,149862
syn-002829,19,low,201798
syn-002830,2,medium,114936
syn-002831,19,low,70827
syn-002832,16,low,50208
syn-002833,8,low,169718
syn-002834,15,high,224945
syn-002835,1,low,93480
syn-002836,8,medium,54443
syn-002837,16,low,226864
syn-002838,10,high,133371
syn-002839,0,high,132124
syn-002840,10,medium,107924
syn-002841,6,low,54764
syn-002842,17,medium,228964
syn-002843,16,low,86388
syn-002844,3,low,180611
syn-002845,19,medium,166218
syn-002846,15,high,109212
syn-002847,17,low,187086
syn-002848,10,medium,114175
syn-002849,13,low,127363
syn-002850,2,medium,224081
syn-002851,7,medium,133175
syn-002852,21,high,69257
syn-002853,21,low,172667
syn-002854,22,low,242268
syn-002855,11,low,203995
syn-002856,14,low,227842
syn-002857,17,high,67403
syn-002858,9,low,186921
syn-002859,12,low,205127
syn-002860,12,low,162723
syn-002861,22,low,69784
syn-002862,3,low,139429
syn-002863,11,low,215840
syn-002864,19,low,218693
syn-002865,19,high,135236
syn-002866,17,medium,232739
syn-002867,6,low,50734
syn-002868,13,low,240943
syn-002869,11,medium,51929
syn-002870,10,high,189542
syn-002871,9,medium,114681
syn-002872,0,low,225378
syn-002873,4,medium,126888
syn-002874,8,low,231923
syn-002875,16,low,67220
syn-002876,1,medium,159971
syn-002877,22,medium,235234
syn-002878,19,low,105924
syn-002879,6,low,94454
syn-002880,16,medium,88830
syn-002881,1,low,245363
syn-002882,16,low,187646
syn-002883,16,low,74717
syn-002884,15,low,101855
syn-002885,0,low,65887
syn-002886,12,medium,96398
syn-002887,11,low,235145
syn-002888,8,high,187774
syn-002889,2,high,218048
syn-002890,19,low,163121
syn-002891,17,low,143241
syn-002892,8,low,233792
syn-002893,11,medium,234603
syn-002894,22,medium,188025
syn-002895,6,medium,194457
syn-002896,0,low,71581
syn-002897,10,low,147545
syn-002898,11,low,190775
syn-002899,0,low,231350
syn-002900,15,medium,53212
syn-002901,8,high,172045
syn-002902,7,medium,81991
syn-002903,3,low,76703
syn-002904,23,low,68276
syn-002905,9,medium,178326
syn-002906,3,high,68486
syn-002907,14,medium,54075
syn-002908,11,low,184703
syn-002909,10,low,104458
syn-002910,17,low,204162
syn-002911,16,high,191373
syn-002912,7,medium,124845
syn-002913,7,high,235602
syn-002914,22,high,87446
syn-002915,22,low,101330
syn-002916,22,medium,161443
syn-002917,20,low,246499
syn-002918,18,medium,80214
syn-002919,2,medium,103928
syn-002920,13,high,193141
syn-002921,4,low,184220
syn-002922,19,low,152318
syn-002923,20,high,94598
syn-002924,16,medium,172600
syn-002925,0,medium,129952
syn-002926,12,low,107233
syn-002927,0,medium,68233
syn-002928,21,high,212268
syn-002929,6,high,219502
syn-002930,23,high,88566
syn-002931,6,high,106350
syn-002932,15,low,163594
syn-002933,0,low,98808
syn-002934,11,low,50579
syn-002935,3,medium,172505
syn-002936,1,medium,133182
syn-002937,12,medium,133003
syn-002938,12,low,229754
syn-002939,10,low,78251
syn-002940,18,medium,233363
syn-002941,0,low,102598
syn-002942,22,low,64071
syn-002943,20,low,194623
syn-002944,9,high,231599
syn-002945,20,high,56461
syn-002946,1,low,129849
syn-002947,18,low,129816
syn-002948,16,medium,136702
syn-002949,7,high,191523
syn-002950,14,high,223988
syn-002951,19,medium,236427
syn-002952,11,high,82447
syn-002953,5,medium,52623
syn-002954,18,medium,138624
syn-002955,15,low,146745
syn-002956,14,medium,80765
syn-002957,14,medium,154770
syn-002958,12,low,84698
syn-002959,0,low,174910
syn-002960,2,high,216797
syn-002961,14,high,141805
syn-002962,11,low,153055
syn-002963,14,medium,208765
syn-002964,1,high,220951
syn-002965,1,high,238729
syn-002966,11,medium,118022
syn-002967,16,low,143775
syn-002968,19,medium,247678
syn-002969,3,medium,104857
syn-002970,6,low,77755
syn-002971,22,low,60112
syn-002972,5,medium,223249
syn-002973,23,low,204040
syn-002974,22,high,53004
syn-002975,23,medium,246094
syn-002976,9,low,227258
syn-002977,11,low,84386
syn-002978,19,high,205033
syn-002979,3,high,201684
syn-002980,21,low,217296
syn-002981,13,high,161240
syn-002982,6,low,202800
syn-002983,7,low,207419
syn-002984,17,medium,208102
syn-002985,11,low,165408
syn-002986,14,low,216876
syn-002987,15,medium,188325
syn-002988,7,low,134558
syn-002989,13,medium,236509
syn-002990,3,low,166185
syn-002991,0,high,70075
syn-002992,10,high,209835
syn-002993,4,low,243484
syn-002994,4,medium,240427
syn-002995,19,low,188126
syn-002996,17,low,123223
syn-002997,22,medium,72403
syn-002998,17,high,164513
syn-002999,15,high,205114
syn-003000,12,medium,225032
syn-003001,12,low,187181
syn-003002,11,medium,222382
syn-003003,21,medium,66861
syn-003004,16,high,167290
syn-003005,21,low,243877
syn-003006,19,low,130031
syn-003007,8,low,91640
syn-003008,20,low,167763
syn-003009,12,low,224240
syn-003010,3,medium,113396
syn-003011,16,low,182279
syn-003012,14,low,172919
syn-003013,3,medium,80845
syn-003014,0,medium,153073
syn-003015,22,medium,214183
syn-003016,22,high,120667
syn-003017,21,high,113645
syn-003018,14,medium,209404
syn-003019,20,high,60596
syn-003020,1,medium,117592
syn-003021,14,low,225154
syn-003022,22,high,94628
syn-003023,3,medium,83345
syn-003024,10,low,204588
syn-003025,4,low,78949
syn-003026,19,medium,163636
syn-003027,3,low,208696
syn-003028,21,high,81340
syn-003029,3,low,104729
syn-003030,15,low,165629
syn-003031,9,medium,167217
syn-003032,11,low,205252
syn-003033,16,high,150990
syn-003034,7,medium,139434
syn-003035,6,medium,87935
syn-003036,19,low,112467
syn-003037,5,high,74702
syn-003038,19,low,129591
syn-003039,20,low,167562
syn-003040,6,low,209547
syn-003041,3,low,196725
syn-003042,9,high,229903
syn-003043,15,medium,53057
syn-003044,18,high,168207
syn-003045,2,medium,198157
syn-003046,21,low,161106
syn-003047,21,low,240106
syn-003048,13,medium,128942
syn-003049,9,medium,59285
syn-003050,6,low,119583
syn-003051,6,low,230356
syn-003052,10,medium,125636
syn-003053,5,low,119860
syn-003054,18,high,203426
syn-003055,8,medium,238091
syn-003056,8,low,214744
syn-003057,11,low,128114
syn-003058,3,medium,128150
syn-003059,1,medium,242454
syn-003060,18,medium,88289
syn-003061,21,low,217885
syn-003062,10,medium,193007
syn-003063,0,medium,65190
syn-003064,13,medium,144671
syn-003065,8,high,60486
syn-003066,20,medium,195533
syn-003067,8,low,72469
syn-003068,21,medium,180624
syn-003069,22,medium,224583
syn-003070,9,medium,234821
syn-003071,1,high,56784
syn-003072,18,medium,157589
syn-003073,19,high,146853
syn-003074,0,medium,207714
syn-003075,0,low,91809
syn-003076,3,low,187414
syn-003077,19,low,157494
syn-003078,20,high,77020
syn-003079,3,low,120558
syn-003080,15,high,56619
syn-003081,16,medium,205321
syn-003082,12,medium,234540
syn-003083,11,medium,196491
syn-003084,3,low,156770
syn-003085,12,medium,249502
syn-003086,14,medium,173793
syn-003087,21,low,93580
syn-003088,1,low,241849
syn-003089,4,low,144931
syn-003090,10,medium,67432
syn-003091,18,high,219491
syn-003092,8,low,222149
syn-003093,12,low,135947
syn-003094,12,high,188782
syn-003095,2,high,67725
syn-003096,11,low,154925
syn-003097,2,high,148676
syn-003098,23,low,182774
syn-003099,1,low,237081
syn-003100,18,low,165165
syn-003101,2,low,237365
syn-003102,13,medium,178175
syn-003103,7,high,222928
syn-003104,16,low,112887
syn-003105,21,low,117662
syn-003106,2,medium,178260
syn-003107,7,medium,54993
syn-003108,19,medium,197101
syn-003109,11,medium,97541
syn-003110,15,medium,166852
syn-003111,22,low,143210
syn-003112,22,low,236524
syn-003113,5,low,153996
syn-003114,12,medium,103283
syn-003115,16,low,215748
syn-003116,18,medium,103187
syn-003117,13,medium,93743
syn-003118,12,medium,196631
syn-003119,8,medium,180177
syn-003120,14,low,230398
syn-003121,7,low,129323
syn-003122,12,low,193284
syn-003123,7,low,60050
syn-003124,4,low,206347
syn-003125,23,low,129129
syn-003126,3,low,85150
syn-003127,17,low,87302
syn-003128,21,low,159477
syn-003129,14,medium,50732
syn-003130,6,medium,189930
syn-003131,11,medium,179170
syn-003132,12,medium,214104
syn-003133,7,low,149023
syn-003134,19,medium,142483
syn-003135,18,medium,231731
syn-003136,20,low,162221
syn-003137,17,low,223152
syn-003138,22,low,95617
syn-003139,11,low,106927
syn-003140,1,medium,186669
syn-003141,3,low,55972
syn-003142,23,medium,90329
syn-003143,7,low,90581
syn-003144,13,low,70144
syn-003145,9,high,237780
syn-003146,4,low,98342
syn-003147,3,low,184718
syn-003148,2,medium,168922
syn-003149,0,medium,224447
syn-003150,19,low,157401
syn-003151,0,medium,195644
syn-003152,13,low,174464
syn-003153,12,medium,246029
syn-003154,21,medium,76285
syn-003155,4,medium,238732
syn-003156,19,low,87771
syn-003157,18,medium,119901
syn-003158,5,medium,162087
syn-003159,11,medium,248202
syn-003160,2,medium,240763
syn-003161,17,low,184466
syn-003162,6,medium,234316
syn-003163,11,high,170843
syn-003164,21,high,228866
syn-003165,1,low,172444
syn-003166,8,medium,244299
syn-003167,4,low,200151
syn-003168,3,medium,181474
syn-003169,2,low,141467
syn-003170,18,medium,76366
syn-003171,6,medium,173843
syn-003172,13,medium,66378
syn-003173,14,low,82569
syn-003174,14,high,107325
syn-003175,6,medium,65231
syn-003176,9,low,180034
syn-003177,4,medium,146900
syn-003178,8,high,138848
syn-003179,13,medium,184712
syn-003180,16,medium,98030
syn-003181,3,medium,208007
syn-003182,1,medium,235923
syn-003183,4,low,107590
syn-003184,14,low,238298
syn-003185,1,low,118739
syn-003186,18,medium,70007
syn-003187,11,medium,239041
syn-003188,6,high,160523
syn-003189,8,high,146007
syn-003190,12,low,141127
syn-003191,12,medium,229590
syn-003192,2,high,99327
syn-003193,19,medium,247171
syn-003194,19,medium,220461
syn-003195,23,low,228247
syn-003196,18,low,169010
syn-003197,1,medium,233585
syn-003198,20,medium,51377
syn-003199,10,medium,215338
syn-003200,0,medium,139262
syn-003201,17,high,171755
syn-003202,15,high,237636
syn-003203,3,low,113567
syn-003204,14,medium,118344
syn-003205,0,high,123995
syn-003206,23,high,57377
syn-003207,23,low,68747
syn-003208,2,low,155554
syn-003209,17,medium,99554
syn-003210,7,medium,85598
syn-003211,8,low,182057
syn-003212,15,low,245685
syn-003213,3,low,219501
syn-003214,1,high,90131
syn-003215,10,medium,198634
syn-003216,13,medium,52980
syn-003217,2,low,215214
syn-003218,19,low,125344
syn-003219,9,low,69973
syn-003220,9,low,139558
syn-003221,19,medium,145157
syn-003222,1,low,136813
syn-003223,6,high,246440
syn-003224,7,low,174372
syn-003225,6,high,182684
syn-003226,5,low,238020
syn-003227,14,medium,146371
syn-003228,11,medium,237864
syn-003229,14,high,150123
syn-003230,22,low,176923
syn-003231,23,low,227847
syn-003232,20,low,191664
syn-003233,4,high,96146
syn-003234,5,low,183429
syn-003235,5,medium,207966
syn-003236,1,medium,79304
syn-003237,13,high,75012
syn-003238,7,low,152828
syn-003239,0,high,215251
syn-003240,17,medium,134925
syn-003241,17,low,76000
syn-003242,9,medium,160371
syn-003243,16,medium,90318
syn-003244,9,low,234807
syn-003245,8,low,215118
syn-003246,17,low,179350
syn-003247,1,medium,145358
syn-003248,13,low,54556
syn-003249,20,medium,127303
syn-003250,22,high,62276
syn-003251,10,medium,217586
syn-003252,15,low,138636
syn-003253,10,high,241703
syn-003254,23,low,100911
syn-003255,15,low,119225
syn-003256,23,low,169931
syn-003257,8,low,214427
syn-003258,17,high,129104
syn-003259,2,low,148041
syn-003260,1,low,206494
syn-003261,11,medium,166438
syn-003262,1,medium,81040
syn-003263,10,high,214970
syn-003264,23,low,170748
syn-003265,12,high,219685
syn-003266,14,medium,168532
syn-003267,12,high,171506
syn-003268,1,low,142581
syn-003269,3,medium,86481
syn-003270,16,high,172682
syn-003271,13,low,66562
syn-003272,22,low,67937
syn-003273,15,medium,242900
syn-003274,23,low,66970
syn-003275,21,high,98151
syn-003276,1,low,170922
syn-003277,16,low,157481
syn-003278,2,low,199524
syn-003279,1,medium,108728
syn-003280,16,medium,207404
syn-003281,19,low,112076
syn-003282,2,medium,162570
syn-003283,19,low,176469
syn-003284,14,low,50270
syn-003285,22,medium,175142
syn-003286,9,low,115957
syn-003287,12,low,54938
syn-003288,14,high,86372
syn-003289,6,medium,206981
syn-003290,22,medium,118798
syn-003291,21,low,142297
syn-003292,14,medium,117762
syn-003293,4,low,192293
syn-003294,2,high,55096
syn-003295,15,low,137069
syn-003296,18,medium,129529
syn-003297,23,medium,78799
syn-003298,2,low,246787
syn-003299,17,medium,199136
syn-003300,17,medium,180738
syn-003301,19,low,181205
syn-003302,0,low,193173
syn-003303,14,medium,184610
syn-003304,21,medium,102408
syn-003305,12,medium,136992
syn-003306,15,low,82044
syn-003307,8,medium,172235
syn-003308,15,low,107750
syn-003309,9,low,164143
syn-003310,22,low,234362
syn-003311,16,low,102894
syn-003312,17,medium,101485
syn-003313,16,high,232715
syn-003314,19,high,136701
syn-003315,2,high,214978
syn-003316,3,low,154093
syn-003317,13,high,133338
syn-003318,17,high,233775
syn-003319,17,high,174033
syn-003320,8,high,88258
syn-003321,0,low,135665
syn-003322,3,low,59030
syn-003323,2,high,143191
syn-003324,13,low,93094
syn-003325,16,low,162712
syn-003326,19,low,62492
syn-003327,17,low,133423
syn-003328,7,medium,190395
syn-003329,12,low,114056
syn-003330,23,low,220466
syn-003331,4,medium,96793
syn-003332,10,low,135767
syn-003333,13,low,120233
syn-003334,0,low,68255
syn-003335,19,medium,165128
syn-003336,3,low,174818
syn-003337,18,medium,127835
syn-003338,16,high,201462
syn-003339,22,low,209729
syn-003340,4,medium,204719
syn-003341,21,medium,147887
syn-003342,16,high,187524
syn-003343,11,medium,86873
syn-003344,19,medium,140371
syn-003345,18,low,90692
syn-003346,3,high,135434
syn-003347,9,medium,142672
syn-003348,3,medium,221376
syn-003349,19,low,211774
syn-003350,15,low,134513
syn-003351,16,high,219207
syn-003352,10,medium,175469
syn-003353,13,low,229216
syn-003354,20,high,106305
syn-003355,9,low,208082
syn-003356,21,low,152597
syn-003357,5,high,165508
syn-003358,5,medium,221957
syn-003359,12,low,85062
syn-003360,0,low,71859
syn-003361,18,medium,186880
syn-003362,9,low,236141
syn-003363,20,low,193783
syn-003364,8,medium,140709
syn-003365,2,high,151188
syn-003366,10,high,95789
syn-003367,16,low,164255
syn-003368,4,medium,81533
syn-003369,12,high,177884
syn-003370,18,low,173060
syn-003371,0,medium,79537
syn-003372,15,low,147750
syn-003373,6,low,200131
syn-003374,0,medium,131295
syn-003375,1,low,117023
syn-003376,14,high,60220
syn-003377,23,low,84789
syn-003378,4,low,212123
syn-003379,12,low,196033
syn-003380,15,low,188347
syn-003381,1,high,229726
syn-003382,12,low,76997
syn-003383,21,medium,219170
syn-003384,14,low,180093
syn-003385,5,low,214608
syn-003386,4,low,128343
syn-003387,15,low,219697
syn-003388,4,low,235302
syn-003389,15,medium,249956
syn-003390,9,medium,112242
syn-003391,8,medium,249695
syn-003392,5,low,208197
syn-003393,2,low,247337
syn-003394,21,medium,206796
syn-003395,10,medium,167210
syn-003396,14,low,50872
syn-003397,21,low,125576
syn-003398,11,medium,127606
syn-003399,12,low,192044
syn-003400,17,high,185444
syn-003401,11,low,51078
syn-003402,21,high,210522
syn-003403,19,low,138073
syn-003404,10,low,58700
syn-003405,3,medium,66203
syn-003406,16,low,228312
syn-003407,1,low,57488
syn-003408,16,medium,113874
syn-003409,18,medium,108962
syn-003410,15,high,167982
syn-003411,9,medium,221471
syn-003412,3,low,192919
syn-003413,5,low,173402
syn-003414,16,low,110536
syn-003415,0,high,56961
syn-003416,0,low,53950
syn-003417,11,high,164545
syn-003418,1,low,135649
syn-003419,14,low,247945
syn-003420,10,high,73383
syn-003421,1,high,91982
syn-003422,20,low,201257
syn-003423,21,low,196708
syn-003424,2,low,146783
syn-003425,16,medium,178590
syn-003426,21,medium,195223
syn-003427,11,low,237200
syn-003428,13,low,229091
syn-003429,8,low,131885
syn-003430,20,low,138738
syn-003431,4,low,92094
syn-003432,23,high,141493
syn-003433,17,medium,90750
syn-003434,7,low,199175
syn-003435,7,medium,181991
syn-003436,13,medium,171645
syn-003437,13,low,200020
syn-003438,5,high,196880
syn-003439,10,high,106073
syn-003440,19,medium,102186
syn-003441,9,high,249295
syn-003442,3,low,118705
syn-003443,15,low,105073
syn-003444,0,low,160085
syn-003445,1,medium,245513
syn-003446,20,medium,146865
syn-003447,12,high,171157
syn-003448,8,low,246938
syn-003449,17,low,147600
syn-003450,10,low,149943
syn-003451,5,high,132311
syn-003452,4,low,91513
syn-003453,13,low,168201
syn-003454,0,low,181575
syn-003455,9,high,143000
syn-003456,4,medium,214782
syn-003457,11,low,235130
syn-003458,18,low,155216
syn-003459,11,low,52041
syn-003460,11,low,136290
syn-003461,20,low,74543
syn-003462,4,high,127513
syn-003463,3,medium,132110
syn-003464,22,medium,105474
syn-003465,6,low,154678
syn-003466,13,medium,248806
syn-003467,19,medium,190947
syn-003468,5,medium,93873
syn-003469,12,low,238944
syn-003470,0,high,128784
syn-003471,0,medium,116789
syn-003472,4,medium,53011
syn-003473,15,low,144921
syn-003474,3,low,139992
syn-003475,9,low,221578
syn-003476,13,low,235046
syn-003477,9,medium,230490
syn-003478,13,low,207210
syn-003479,1,medium,227599
syn-003480,18,low,234018
syn-003481,4,medium,75017
syn-003482,7,medium,58717
syn-003483,21,low,241886
syn-003484,8,low,135026
syn-003485,14,low,213534
syn-003486,2,low,124730
syn-003487,21,medium,142771
syn-003488,15,low,182592
syn-003489,23,medium,229169
syn-003490,12,medium,237362
syn-003491,11,medium,147607
syn-003492,19,medium,92380
syn-003493,23,low,127099
syn-003494,12,high,180092
syn-003495,13,medium,127208
syn-003496,3,low,193465
syn-003497,19,low,246603
syn-003498,11,high,120770
syn-003499,14,high,118622
syn-003500,10,medium,90751
syn-003501,20,medium,179040
syn-003502,12,low,93277
syn-003503,4,low,176120
syn-003504,1,high,91622
syn-003505,23,medium,73836
syn-003506,17,low,196323
syn-003507,3,high,204001
syn-003508,12,medium,227897
syn-003509,1,low,230904
syn-003510,13,medium,123399
syn-003511,17,medium,220895
syn-003512,22,medium,190905
syn-003513,9,low,57435
syn-003514,19,medium,129371
syn-003515,9,medium,92792
syn-003516,8,high,70227
syn-003517,0,medium,240555
syn-003518,4,low,117190
syn-003519,4,high,50893
syn-003520,23,low,160481
syn-003521,7,medium,163212
syn-003522,2,medium,106630
syn-003523,21,low,93093
syn-003524,10,medium,54930
syn-003525,5,low,66918
syn-003526,2,medium,96686
syn-003527,3,low,50485
syn-003528,15,low,50655
syn-003529,0,low,83871
syn-003530,0,medium,115054
syn-003531,10,low,158486
syn-003532,18,low,84991
syn-003533,15,medium,224199
syn-003534,23,high,105343
syn-003535,22,low,248302
syn-003536,11,high,198652
syn-003537,1,medium,140125
syn-003538,4,high,167062
syn-003539,23,low,240095
syn-003540,23,low,86801
syn-003541,18,medium,99225
syn-003542,23,low,144856
syn-003543,7,low,209631
syn-003544,1,medium,223780
syn-003545,5,medium,121989
syn-003546,21,low,245808
syn-003547,12,low,197204
syn-003548,7,medium,191662
syn-003549,12,low,230818
syn-003550,2,medium,152605
syn-003551,11,low,130380
syn-003552,14,high,191322
syn-003553,18,medium,50735
syn-003554,14,low,208682
syn-003555,4,high,212271
syn-003556,3,low,206327
syn-003557,2,low,149750
syn-003558,11,high,244914
syn-003559,19,medium,79714
syn-003560,8,low,142953
syn-003561,17,high,100205
syn-003562,23,low,184611
syn-003563,12,high,141292
syn-003564,14,medium,106617
syn-003565,6,high,215688
syn-003566,11,medium,166208
syn-003567,6,medium,91627
syn-003568,3,medium,66008
syn-003569,3,low,221754
syn-003570,1,low,92767
syn-003571,12,high,75979
syn-003572,14,low,89104
syn-003573,17,low,131478
syn-003574,19,high,175262
syn-003575,17,medium,136852
syn-003576,12,medium,213195
syn-003577,12,high,213062
syn-003578,17,medium,220543
syn-003579,11,medium,170185
syn-003580,4,low,153039
syn-003581,22,low,73206
syn-003582,22,high,227648
syn-003583,19,low,214411
syn-003584,6,medium,198968
syn-003585,10,medium,143439
syn-003586,2,low,142651
syn-003587,18,high,64909
syn-003588,20,low,68092
syn-003589,16,medium,166451
syn-003590,20,low,149970
syn-003591,15,low,62621
syn-003592,18,high,240629
syn-003593,15,medium,190646
syn-003594,18,low,140154
syn-003595,19,medium,195938
syn-003596,6,medium,155041
syn-003597,8,high,212927
syn-003598,21,low,176297
syn-003599,20,medium,162595
syn-003600,13,high,75836
syn-003601,23,medium,55108
syn-003602,13,low,122150
syn-003603,8,high,230324
syn-003604,12,high,151091
syn-003605,9,high,151785
syn-003606,0,medium,190971
syn-003607,12,low,211212
syn-003608,12,medium,136346
syn-003609,20,high,169390
syn-003610,14,low,70593
syn-003611,11,medium,164172
syn-003612,5,low,157641
syn-003613,3,low,229069
syn-003614,5,medium,238148
syn-003615,12,medium,130340
syn-003616,2,medium,241081
syn-003617,14,low,225606
syn-003618,11,high,56621
syn-003619,11,high,53191
syn-003620,20,low,156073
syn-003621,21,medium,181843
syn-003622,0,medium,169057
syn-003623,22,medium,58659
syn-003624,21,medium,149144
syn-003625,22,low,97101
syn-003626,16,low,102628
syn-003627,12,medium,129079
syn-003628,9,low,240035
syn-003629,15,medium,128216
syn-003630,4,low,172265
syn-003631,1,low,87456
syn-003632,5,low,138513
syn-003633,7,medium,201294
syn-003634,11,high,142378
syn-003635,15,low,108241
syn-003636,11,medium,78568
syn-003637,3,low,225819
syn-003638,11,high,197843
syn-003639,12,high,225485
syn-003640,7,medium,191667
syn-003641,21,low,103625
syn-003642,16,medium,189964
syn-003643,16,low,207627
syn-003644,3,medium,237347
syn-003645,12,medium,200838
syn-003646,16,low,236356
syn-003647,4,medium,214290
syn-003648,18,low,245068
syn-003649,19,low,199563
syn-003650,0,low,80959
syn-003651,12,low,184763
syn-003652,15,high,63676
syn-003653,11,low,212134
syn-003654,20,medium,75989
syn-003655,4,medium,211724
syn-003656,21,medium,77926
syn-003657,3,low,86211
syn-003658,4,medium,82613
syn-003659,5,low,110311
syn-003660,18,low,199226
syn-003661,9,medium,205975
syn-003662,17,low,232220
syn-003663,0,high,183885
syn-003664,23,low,50152
syn-003665,22,low,239234
syn-003666,10,medium,231077
syn-003667,8,high,129010
syn-003668,12,high,241866
syn-003669,7,low,216585
syn-003670,23,low,135660
syn-003671,14,medium,150744
syn-003672,22,high,98708
syn-003673,8,high,100953
syn-003674,19,low,121450
syn-003675,3,low,154389
syn-003676,23,high,175421
syn-003677,23,high,120641
syn-003678,7,low,178422
syn-003679,10,medium,203404
syn-003680,12,high,179444
syn-003681,18,low,93683
syn-003682,5,medium,127870
syn-003683,10,low,144744
syn-003684,16,high,204169
syn-003685,4,medium,54459
syn-003686,3,low,53053
syn-003687,23,low,55740
syn-003688,2,high,239347
syn-003689,17,medium,175529
syn-003690,21,low,183101
syn-003691,0,low,235536
syn-003692,16,low,202452
syn-003693,16,medium,149801
syn-003694,13,medium,103272
syn-003695,19,low,227218
syn-003696,20,medium,151542
syn-003697,20,high,77446
syn-003698,5,medium,143666
syn-003699,18,low,182515
syn-003700,21,low,192424
syn-003701,13,high,204206
syn-003702,3,high,207605
syn-003703,6,medium,118238
syn-003704,14,medium,149396
syn-003705,22,low,97550
syn-003706,1,medium,141845
syn-003707,5,low,110958
syn-003708,8,medium,171191
syn-003709,17,medium,95586
syn-003710,14,low,53209
syn-003711,19,low,124245
syn-003712,6,medium,210324
syn-003713,5,medium,247932
syn-003714,19,medium,245443
syn-003715,18,high,72503
syn-003716,13,low,129693
syn-003717,1,medium,165013
syn-003718,14,low,75953
syn-003719,0,low,200565
syn-003720,20,medium,50635
syn-003721,5,medium,94505
syn-003722,10,low,114252
syn-003723,17,medium,164615
syn-003724,7,medium,181694
syn-003725,12,low,76567
syn-003726,12,medium,76015
syn-003727,9,low,92267
syn-003728,22,low,117433
syn-003729,2,high,238070
syn-003730,8,medium,116450
syn-003731,17,medium,154340
syn-003732,6,low,182351
syn-003733,11,high,230494
syn-003734,2,low,94986
syn-003735,11,high,213290
syn-003736,0,medium,78692
syn-003737,0,low,211934
syn-003738,15,high,225342
syn-003739,17,medium,57155
syn-003740,10,low,129930
syn-003741,14,high,97178
syn-003742,13,low,134060
syn-003743,8,medium,67388
syn-003744,3,high,94110
syn-003745,6,low,214811
syn-003746,20,low,156145
syn-003747,4,medium,143865
syn-003748,4,low,212541
syn-003749,0,medium,165778
syn-003750,9,low,151127
syn-003751,19,high,181282
syn-003752,11,medium,183120
syn-003753,5,low,115384
syn-003754,8,medium,126939
syn-003755,0,low,211447
syn-003756,4,low,190300
syn-003757,22,medium,191784
syn-003758,8,high,184806
syn-003759,0,medium,96813
syn-003760,7,medium,193007
syn-003761,12,low,220219
syn-003762,17,low,104837
syn-003763,23,medium,80795
syn-003764,12,medium,135288
syn-003765,2,high,147437
syn-003766,23,high,164690
syn-003767,18,low,152784
syn-003768,12,low,85592
syn-003769,11,high,145474
syn-003770,8,high,164034
syn-003771,11,high,72711
syn-003772,7,low,65627
syn-003773,13,low,148567
syn-003774,10,high,174537
syn-003775,1,medium,104531
syn-003776,22,low,95376
syn-003777,11,high,84041
syn-003778,22,low,74611
syn-003779,12,high,51344
syn-003780,22,low,50937
syn-003781,23,low,236755
syn-003782,2,medium,125058
syn-003783,9,low,150873
syn-003784,17,medium,161174
syn-003785,9,medium,128987
syn-003786,7,low,87525
syn-003787,19,low,147939
syn-003788,4,high,129223
syn-003789,3,high,213932
syn-003790,23,low,227863
syn-003791,23,medium,228869
syn-003792,5,low,129436
syn-003793,2,medium,192468
syn-003794,23,low,131021
syn-003795,1,low,88665
syn-003796,23,medium,211916
syn-003797,6,medium,84555
syn-003798,15,medium,203425
syn-003799,1,low,59409
syn-003800,7,low,85582
syn-003801,8,medium,98835
syn-003802,22,low,205848
syn-003803,14,high,242062
syn-003804,22,high,168587
syn-003805,5,medium,187782
syn-003806,0,medium,68543
syn-003807,0,medium,221655
syn-003808,8,medium,176825
syn-003809,13,high,148126
syn-003810,21,high,65780
syn-003811,1,low,214241
syn-003812,23,high,239204
syn-003813,21,low,117868
syn-003814,16,medium,177601
syn-003815,22,low,149280
syn-003816,23,high,115265
syn-003817,15,low,80313
syn-003818,6,medium,187420
syn-003819,3,low,140078
syn-003820,8,low,101328
syn-003821,3,medium,64610
syn-003822,6,medium,127022
syn-003823,10,low,127972
syn-003824,15,high,70783
syn-003825,12,low,127018
syn-003826,3,medium,224483
syn-003827,10,medium,109161
syn-003828,6,medium,137896
syn-003829,22,low,87851
syn-003830,17,low,123924
syn-003831,20,medium,77925
syn-003832,12,low,160123
syn-003833,17,medium,66890
syn-003834,21,high,104450
syn-003835,17,medium,131764
syn-003836,6,low,79127
syn-003837,22,low,152059
syn-003838,7,medium,226536
syn-003839,8,medium,131648
syn-003840,20,low,211318
syn-003841,3,low,194316
syn-003842,10,medium,242626
syn-003843,16,low,203419
syn-003844,14,low,88471
syn-003845,2,low,111703
syn-003846,8,low,66190
syn-003847,0,low,220160
syn-003848,8,high,221331
syn-003849,16,low,233696
syn-003850,9,low,226678
syn-003851,16,low,152049
syn-003852,3,low,217678
syn-003853,17,low,195799
syn-003854,10,low,159515
syn-003855,16,medium,90689
syn-003856,7,medium,125630
syn-003857,12,high,136000
syn-003858,13,high,110734
syn-003859,1,low,248598
syn-003860,21,low,92692
syn-003861,17,high,136277
syn-003862,8,high,81823
syn-003863,13,low,206197
syn-003864,15,low,228775
syn-003865,5,low,54674
syn-003866,8,low,220143
syn-003867,21,low,141116
syn-003868,23,low,109298
syn-003869,9,medium,178022
syn-003870,23,low,168050
syn-003871,22,low,133521
syn-003872,16,high,92733
syn-003873,8,high,247971
syn-003874,0,medium,229522
syn-003875,9,medium,105731
syn-003876,1,medium,72904
syn-003877,23,low,50184
syn-003878,1,low,173176
syn-003879,4,low,57273
syn-003880,17,medium,208619
syn-003881,12,medium,66714
syn-003882,17,low,225090
syn-003883,10,high,231771
syn-003884,4,medium,223569
syn-003885,4,medium,125881
syn-003886,7,low,225586
syn-003887,13,low,93816
syn-003888,3,medium,162746
syn-003889,18,medium,203043
syn-003890,1,medium,179029
syn-003891,10,medium,209674
syn-003892,6,low,197251
syn-003893,2,medium,86431
syn-003894,2,high,156377
syn-003895,18,low,179307
syn-003896,0,medium,132787
syn-003897,10,low,135046
syn-003898,10,low,169040
syn-003899,2,low,132983
syn-003900,14,low,193781
syn-003901,13,medium,204878
syn-003902,20,medium,245408
syn-003903,23,medium,94428
syn-003904,22,medium,232230
syn-003905,4,medium,202943
syn-003906,8,low,231105
syn-003907,8,low,187097
syn-003908,23,high,188900
syn-003909,5,medium,96929
syn-003910,11,high,108777
syn-003911,18,medium,242890
syn-003912,23,medium,82291
syn-003913,10,low,100527
syn-003914,0,low,157249
syn-003915,19,low,136054
syn-003916,22,low,124596
syn-003917,15,low,109881
syn-003918,21,low,85976
syn-003919,8,medium,77836
syn-003920,11,low,233024
syn-003921,7,medium,93530
syn-003922,4,medium,159143
syn-003923,12,high,166693
syn-003924,0,medium,249599
syn-003925,20,medium,118963
syn-003926,10,medium,70560
syn-003927,16,low,248258
syn-003928,18,medium,181925
syn-003929,21,low,171660
syn-003930,2,medium,94472
syn-003931,3,medium,180189
syn-003932,15,low,245281
syn-003933,5,high,220665
syn-003934,10,low,122194
syn-003935,15,medium,204584
syn-003936,11,low,119163
syn-003937,9,low,85719
syn-003938,9,low,78409
syn-003939,12,low,57017
syn-003940,4,medium,214159
syn-003941,22,low,100037
syn-003942,20,medium,227616
syn-003943,2,low,147542
syn-003944,2,medium,247474
syn-003945,7,medium,170533
syn-003946,22,high,90309
syn-003947,16,low,202654
syn-003948,19,low,229054
syn-003949,0,low,197303
syn-003950,20,medium,242577
syn-003951,4,medium,178570
syn-003952,15,medium,193895
syn-003953,5,medium,166850
syn-003954,12,medium,119127
syn-003955,14,low,209046
syn-003956,3,high,172563
syn-003957,21,medium,129531
syn-003958,16,high,122305
syn-003959,1,low,188226
syn-003960,23,high,206131
syn-003961,7,low,200575
syn-003962,6,low,51884
syn-003963,10,low,138218
syn-003964,15,medium,88501
syn-003965,22,low,106335
syn-003966,1,medium,195933
syn-003967,20,medium,94236
syn-003968,5,high,69579
syn-003969,16,low,112151
syn-003970,17,high,238386
syn-003971,13,low,97607
syn-003972,12,low,91016
syn-003973,6,medium,222279
syn-003974,21,high,228735
syn-003975,10,medium,95352
syn-003976,3,medium,213198
syn-003977,7,low,161640
syn-003978,22,medium,121574
syn-003979,13,medium,132010
syn-003980,10,low,158501
syn-003981,19,medium,237223
syn-003982,20,high,238994
syn-003983,21,low,130653
syn-003984,14,medium,106715
syn-003985,22,medium,103874
syn-003986,17,medium,137975
syn-003987,15,high,178666
syn-003988,20,high,84991
syn-003989,2,medium,88401
syn-003990,14,high,95308
syn-003991,15,low,80469
syn-003992,4,low,90529
syn-003993,3,low,145300
syn-003994,18,low,221333
syn-003995,4,low,185892
syn-003996,15,medium,222316
syn-003997,7,low,184668
syn-003998,21,low,169727
syn-003999,10,low,87727
syn-004000,15,low,57995
syn-004001,19,low,63810
syn-004002,1,high,232986
syn-004003,10,low,211504
syn-004004,10,low,173532
syn-004005,21,medium,118417
syn-004006,23,low,137313
syn-004007,7,low,187209
syn-004008,5,low,118014
syn-004009,3,low,123989
syn-004010,10,medium,151502
syn-004011,19,low,187158
syn-004012,2,low,201459
syn-004013,23,low,246124
syn-004014,14,low,78408
syn-004015,17,low,201242
syn-004016,20,low,191368
syn-004017,17,high,170449
syn-004018,16,high,140057
syn-004019,6,low,153077
syn-004020,14,low,116058
syn-004021,18,high,212521
syn-004022,9,medium,135043
syn-004023,14,medium,64943
syn-004024,21,medium,207080
syn-004025,1,low,112915
syn-004026,7,low,150743
syn-004027,21,medium,120855
syn-004028,0,low,197084
syn-004029,7,medium,111444
syn-004030,7,low,50970
syn-004031,18,low,110147
syn-004032,10,medium,193535
syn-004033,13,medium,75168
syn-004034,17,medium,97674
syn-004035,19,low,204974
syn-004036,7,low,200142
syn-004037,3,low,188496
syn-004038,22,high,176885
syn-004039,0,low,223883
syn-004040,20,medium,159091
syn-004041,11,medium,113668
syn-004042,0,medium,93188
syn-004043,10,low,241520
syn-004044,11,low,174464
syn-004045,3,high,235988
syn-004046,6,medium,156680
syn-004047,9,medium,216374
syn-004048,23,high,63592
syn-004049,10,low,99781
syn-004050,8,medium,104334
syn-004051,4,medium,155821
syn-004052,23,low,150231
syn-004053,15,high,64676
syn-004054,8,low,204358
syn-004055,18,medium,231707
syn-004056,16,medium,235331
syn-004057,18,low,132666
syn-004058,13,low,216297
syn-004059,2,low,206131
syn-004060,22,low,125632
syn-004061,16,medium,65382
syn-004062,0,medium,200463
syn-004063,11,low,153980
syn-004064,20,low,118047
syn-004065,3,medium,96624
syn-004066,18,medium,121217
syn-004067,0,low,83312
syn-004068,2,high,241961
syn-004069,1,low,115309
syn-004070,9,medium,248598
syn-004071,5,medium,172316
syn-004072,19,medium,234989
syn-004073,16,high,249677
syn-004074,5,medium,71117
syn-004075,16,low,215169
syn-004076,23,high,105393
syn-004077,10,medium,144261
syn-004078,4,medium,144016
syn-004079,15,low,197659
syn-004080,17,medium,234561
syn-004081,13,medium,134315
syn-004082,23,medium,69009
syn-004083,19,low,167443
syn-004084,5,high,70091
syn-004085,2,low,181698
syn-004086,17,medium,126240
syn-004087,2,low,64423
syn-004088,21,medium,238916
syn-004089,22,low,100484
syn-004090,2,high,108570
syn-004091,9,low,240403
syn-004092,6,high,130689
syn-004093,1,low,139561
syn-004094,18,medium,67649
syn-004095,18,low,184322
syn-004096,7,high,177084
syn-004097,16,medium,249119
syn-004098,18,high,95348
syn-004099,11,medium,224886
syn-004100,11,high,78975
syn-004101,1,high,180327
syn-004102,5,low,194654
syn-004103,4,low,188687
syn-004104,9,medium,156853
syn-004105,13,low,133442
syn-004106,1,low,139859
syn-004107,16,low,123999
syn-004108,21,medium,152881
syn-004109,13,medium,55887
syn-004110,13,low,202814
syn-004111,23,high,156687
syn-004112,17,low,141113
syn-004113,0,low,68529
syn-004114,3,medium,95822
syn-004115,9,low,148126
syn-004116,6,medium,168677
syn-004117,3,medium,161362
syn-004118,14,high,133795
syn-004119,13,low,75631
syn-004120,23,high,106122
syn-004121,16,high,104670
syn-004122,7,high,139352
syn-004123,7,high,133256
syn-004124,18,medium,122142
syn-004125,20,medium,137933
syn-004126,5,medium,58702
syn-004127,19,medium,243500
syn-004128,9,medium,58462
syn-004129,18,low,121387
syn-004130,0,medium,120058
syn-004131,1,medium,97953
syn-004132,0,low,177975
syn-004133,21,medium,229593
syn-004134,1,medium,220710
syn-004135,8,high,142348
syn-004136,20,medium,100942
syn-004137,12,high,95042
syn-004138,23,high,110660
syn-004139,14,high,189279
syn-004140,4,medium,153196
syn-004141,4,low,78452
syn-004142,2,low,175066
syn-004143,0,high,70377
syn-004144,1,medium,98959
syn-004145,5,medium,109526
syn-004146,4,high,148096
syn-004147,7,medium,220983
syn-004148,4,low,143319
syn-004149,22,medium,211270
syn-004150,9,medium,238319
syn-004151,20,low,60619
syn-004152,11,low,78817
syn-004153,12,medium,115877
syn-004154,19,low,171583
syn-004155,0,medium,241358
syn-004156,17,medium,149677
syn-004157,12,medium,187523
syn-004158,12,medium,52381
syn-004159,20,medium,221399
syn-004160,5,low,70193
syn-004161,20,low,143796
syn-004162,9,low,56956
syn-004163,5,high,248037
syn-004164,5,medium,206934
syn-004165,5,low,205061
syn-004166,14,low,123042
syn-004167,5,low,87332
syn-004168,15,high,192123
syn-004169,10,medium,149773
syn-004170,12,medium,65628
syn-004171,7,low,172491
syn-004172,12,low,110006
syn-004173,12,medium,111765
syn-004174,10,medium,219157
syn-004175,19,low,96729
syn-004176,22,low,120823
syn-004177,8,low,98717
syn-004178,20,low,105220
syn-004179,17,low,58846
syn-004180,11,low,151995
syn-004181,23,low,149345
syn-004182,23,low,102710
syn-004183,5,low,109806
syn-004184,15,medium,128166
syn-004185,2,medium,165268
syn-004186,5,medium,174971
syn-004187,23,low,96875
syn-004188,3,low,233120
syn-004189,12,low,90581
syn-004190,3,high,185489
syn-004191,20,low,55976
syn-004192,10,high,166404
syn-004193,5,medium,118264
syn-004194,22,low,80223
syn-004195,13,low,202380
syn-004196,11,medium,98962
syn-004197,19,low,149789
syn-004198,17,medium,133131
syn-004199,4,low,104382
syn-004200,13,high,130203
syn-004201,12,medium,73398
syn-004202,22,low,212301
syn-004203,11,low,129554
syn-004204,18,medium,203789
syn-004205,0,high,216008
syn-004206,20,medium,173640
syn-004207,19,low,214569
syn-004208,14,medium,182467
syn-004209,7,high,74516
syn-004210,3,low,175967
syn-004211,19,medium,148191
syn-004212,18,high,56214
syn-004213,13,low,222513
syn-004214,16,low,147271
syn-004215,4,low,201439
syn-004216,5,medium,235647
syn-004217,18,high,166751
syn-004218,7,low,83145
syn-004219,3,medium,206709
syn-004220,13,low,222166
syn-004221,20,medium,171835
syn-004222,23,low,178327
syn-004223,18,high,226095
syn-004224,9,medium,140614
syn-004225,9,medium,157298
syn-004226,21,medium,140171
syn-004227,3,high,185078
syn-004228,13,low,105728
syn-004229,13,medium,115195
syn-004230,5,medium,92369
syn-004231,7,high,56256
syn-004232,12,low,211562
syn-004233,8,high,140536
syn-004234,2,high,77325
syn-004235,9,medium,141192
syn-004236,13,medium,180953
syn-004237,8,high,75346
syn-004238,4,low,51867
syn-004239,0,low,61162
syn-004240,20,low,118898
syn-004241,0,low,243823
syn-004242,14,medium,195153
syn-004243,6,low,175647
syn-004244,4,medium,245091
syn-004245,17,medium,112803
syn-004246,19,medium,112703
syn-004247,3,low,67631
syn-004248,3,medium,211267
syn-004249,2,medium,109377
syn-004250,10,medium,248814
syn-004251,7,high,181212
syn-004252,13,medium,212144
syn-004253,18,low,145970
syn-004254,2,low,104109
syn-004255,9,medium,139356
syn-004256,8,low,217991
syn-004257,0,low,226730
syn-004258,19,low,78795
syn-004259,6,medium,195506
syn-004260,10,medium,129604
syn-004261,12,low,138329
syn-004262,19,high,151987
syn-004263,12,medium,165949
syn-004264,5,medium,54555
syn-004265,6,high,113161
syn-004266,18,low,114806
syn-004267,22,medium,82859
syn-004268,1,low,52941
syn-004269,23,low,222943
syn-004270,6,high,170979
syn-004271,0,low,118561
syn-004272,6,high,102195
syn-004273,15,low,120042
syn-004274,15,medium,184291
syn-004275,2,medium,119891
syn-004276,5,medium,236580
syn-004277,13,low,120324
syn-004278,5,high,174849
syn-004279,1,medium,134162
syn-004280,4,low,237499
syn-004281,3,medium,234516
syn-004282,7,medium,175056
syn-004283,22,medium,80661
syn-004284,22,low,72720
syn-004285,6,low,135316
syn-004286,18,medium,194548
syn-004287,5,low,143044
syn-004288,13,high,140495
syn-004289,0,medium,74546
syn-004290,17,high,57903
syn-004291,4,low,223174
syn-004292,2,low,121995
syn-004293,6,low,65214
syn-004294,14,medium,121169
syn-004295,9,medium,75390
syn-004296,18,low,115782
syn-004297,16,low,130041
syn-004298,18,high,219578
syn-004299,4,medium,199110
syn-004300,5,low,113149
syn-004301,8,low,89056
syn-004302,6,medium,69874
syn-004303,19,medium,193441
syn-004304,21,low,227631
syn-004305,11,medium,68241
syn-004306,7,low,220704
syn-004307,12,low,195847
syn-004308,16,high,169432
syn-004309,12,low,148378
syn-004310,0,low,69102
syn-004311,8,medium,177336
syn-004312,10,high,154910
syn-004313,1,high,189072
syn-004314,14,medium,158695
syn-004315,9,medium,133774
syn-004316,15,low,208034
syn-004317,20,medium,219867
syn-004318,8,medium,147070
syn-004319,14,low,232143
syn-004320,14,high,64737
syn-004321,0,high,136008
syn-004322,6,high,158039
syn-004323,15,low,213261
syn-004324,4,medium,189824
syn-004325,7,low,241081
syn-004326,12,medium,61499
syn-004327,19,high,222008
syn-004328,22,high,237879
syn-004329,12,medium,175819
syn-004330,8,medium,185431
syn-004331,15,medium,217737
syn-004332,21,low,190511
syn-004333,2,low,208510
syn-004334,7,low,232260
syn-004335,2,low,249189
syn-004336,5,high,91945
syn-004337,21,medium,142766
syn-004338,10,high,154807
syn-004339,14,low,204318
syn-004340,3,low,158217
syn-004341,18,medium,109812
syn-004342,9,low,107528
syn-004343,4,high,234877
syn-004344,2,medium,180743
syn-004345,13,medium,231951
syn-004346,2,low,171720
syn-004347,11,medium,56027
syn-004348,18,high,217053
syn-004349,3,high,189444
syn-004350,13,high,100314
syn-004351,7,high,137893
syn-004352,1,low,162035
syn-004353,22,medium,52855
syn-004354,0,medium,125813
syn-004355,19,medium,247106
syn-004356,16,medium,161116
syn-004357,18,high,201033
syn-004358,11,low,220219
syn-004359,0,low,245459
syn-004360,22,low,197018
syn-004361,15,low,191473
syn-004362,11,low,162481
syn-004363,1,medium,128327
syn-004364,7,low,244874
syn-004365,2,low,139810
syn-004366,0,high,64318
syn-004367,22,low,203678
syn-004368,13,medium,190834
syn-004369,0,low,63363
syn-004370,23,low,123541
syn-004371,11,low,189414
syn-004372,0,high,80079
syn-004373,1,low,60287
syn-004374,17,medium,160381
syn-004375,23,medium,247331
syn-004376,7,medium,160545
syn-004377,20,medium,202841
syn-004378,7,medium,101710
syn-004379,2,low,147703
syn-004380,11,low,64143
syn-004381,4,medium,80554
syn-004382,14,medium,74632
syn-004383,0,medium,80031
syn-004384,17,medium,150078
syn-004385,6,low,69418
syn-004386,4,low,171527
syn-004387,6,medium,70825
syn-004388,21,low,120774
syn-004389,0,high,207371
syn-004390,23,medium,66717
syn-004391,14,medium,188367
syn-004392,4,low,208135
syn-004393,3,low,156337
syn-004394,19,low,87906
syn-004395,23,low,222536
syn-004396,16,low,206316
syn-004397,16,high,241336
syn-004398,7,medium,210072
syn-004399,22,low,180398
syn-004400,3,low,116313
syn-004401,4,low,145567
syn-004402,17,low,184368
syn-004403,1,low,244395
syn-004404,2,medium,159459
syn-004405,6,low,246824
syn-004406,18,low,150326
syn-004407,20,low,195282
syn-004408,13,low,218668
syn-004409,3,medium,142335
syn-004410,19,low,138501
syn-004411,2,medium,236081
syn-004412,5,low,104979
syn-004413,8,high,166764
syn-004414,1,medium,241265
syn-004415,21,medium,203766
syn-004416,5,high,89476
syn-004417,8,low,108478
syn-004418,11,low,170776
syn-004419,8,medium,50579
syn-004420,20,medium,141038
syn-004421,4,low,72339
syn-004422,10,low,53374
syn-004423,4,high,78410
syn-004424,3,medium,145512
syn-004425,17,low,156415
syn-004426,11,high,71583
syn-004427,6,low,235544
syn-004428,21,medium,136009
syn-004429,0,low,206332
syn-004430,13,low,73932
syn-004431,3,medium,205166
syn-004432,8,low,119606
syn-004433,3,low,136867
syn-004434,9,low,83516
syn-004435,13,high,186530
syn-004436,1,medium,196376
syn-004437,10,medium,115220
syn-004438,12,medium,94300
syn-004439,19,low,69699
syn-004440,0,low,248862
syn-004441,9,medium,179075
syn-004442,21,low,77796
syn-004443,2,low,136793
syn-004444,9,medium,234510
syn-004445,13,high,130113
syn-004446,5,medium,172096
syn-004447,15,high,216579
syn-004448,5,low,62809
syn-004449,1,high,56401
syn-004450,11,medium,114927
syn-004451,13,low,109355
syn-004452,12,low,122440
syn-004453,20,high,159032
syn-004454,6,low,158080
syn-004455,11,low,170517
syn-004456,19,high,76005
syn-004457,10,high,132767
syn-004458,16,low,115855
syn-004459,7,high,206464
syn-004460,14,low,176533
syn-004461,15,low,237993
syn-004462,4,low,216634
syn-004463,9,low,221720
syn-004464,22,low,110685
syn-004465,0,medium,231806
syn-004466,10,high,114774
syn-004467,7,low,190098
syn-004468,20,high,62246
syn-004469,6,low,242647
syn-004470,5,low,226523
syn-004471,10,medium,77463
syn-004472,9,high,105920
syn-004473,21,low,219825
syn-004474,23,medium,124925
syn-004475,15,low,176753
syn-004476,6,medium,188538
syn-004477,19,low,187031
syn-004478,7,high,230471
syn-004479,23,low,106452
syn-004480,0,high,216659
syn-004481,17,medium,217381
syn-004482,18,medium,94596
syn-004483,11,medium,130626
syn-004484,6,medium,230564
syn-004485,13,low,108879
syn-004486,3,low,137955
syn-004487,15,medium,50336
syn-004488,11,low,107966
syn-004489,20,low,149440
syn-004490,16,medium,66581
syn-004491,15,low,155681
syn-004492,17,medium,180414
syn-004493,6,medium,204104
syn-004494,15,low,174837
syn-004495,3,medium,144452
syn-004496,2,high,58214
syn-004497,12,low,166917
syn-004498,12,medium,242211
syn-004499,7,high,61856
syn-004500,13,high,154335
syn-004501,21,medium,151655
syn-004502,2,medium,212962
syn-004503,12,low,61626
syn-004504,19,medium,187053
syn-004505,9,low,119678
syn-004506,2,high,236489
syn-004507,15,medium,62977
syn-004508,10,high,242137
syn-004509,3,medium,166309
syn-004510,18,low,234868
syn-004511,22,high,130359
syn-004512,0,low,56499
syn-004513,23,high,225752
syn-004514,21,low,217724
syn-004515,9,low,147269
syn-004516,16,low,107714
syn-004517,16,medium,208328
syn-004518,9,medium,198026
syn-004519,20,high,246967
syn-004520,7,low,159410
syn-004521,15,low,110129
syn-004522,22,low,90614
syn-004523,13,medium,214126
syn-004524,5,high,95730
syn-004525,3,medium,218095
syn-004526,19,medium,67963
syn-004527,21,low,158119
syn-004528,18,low,233599
syn-004529,3,high,117085
syn-004530,16,low,104448
syn-004531,12,high,188388
syn-004532,0,low,182258
syn-004533,11,high,179709
syn-004534,5,medium,162706
syn-004535,12,high,56553
syn-004536,22,low,65463
syn-004537,13,high,141639
syn-004538,7,high,76166
syn-004539,4,low,137116
syn-004540,13,low,194594
syn-004541,19,high,130617
syn-004542,15,medium,166464
syn-004543,1,medium,155301
syn-004544,20,medium,175616
syn-004545,4,low,95536
syn-004546,3,low,190223
syn-004547,11,low,131019
syn-004548,9,low,192814
syn-004549,14,medium,187023
syn-004550,15,medium,222071
syn-004551,21,low,117253
syn-004552,7,medium,239485
syn-004553,18,low,172349
syn-004554,8,low,111395
syn-004555,7,low,154700
syn-004556,15,low,82541
syn-004557,17,medium,202816
syn-004558,2,low,205564
syn-004559,0,medium,81817
syn-004560,16,low,184684
syn-004561,16,medium,97683
syn-004562,1,medium,246092
syn-004563,15,high,235661
syn-004564,6,medium,70276
syn-004565,10,low,132759
syn-004566,19,low,164433
syn-004567,18,medium,103137
syn-004568,19,medium,66703
syn-004569,11,low,130103
syn-004570,17,high,185912
syn-004571,20,medium,84924
syn-004572,18,low,218205
syn-004573,22,medium,98356
syn-004574,8,medium,65337
syn-004575,9,medium,171755
syn-004576,21,low,51182
syn-004577,6,high,68588
syn-004578,12,medium,68406
syn-004579,3,medium,86439
syn-004580,6,low,205102
syn-004581,20,low,123340
syn-004582,20,low,75502
syn-004583,20,low,153222
syn-004584,15,medium,67258
syn-004585,12,low,188070
syn-004586,2,low,194371
syn-004587,19,high,238492
syn-004588,13,medium,80227
syn-004589,21,low,201496
syn-004590,21,low,200342
syn-004591,19,high,85238
syn-004592,11,low,154098
syn-004593,11,high,59830
syn-004594,14,low,200137
syn-004595,0,high,128427
syn-004596,6,low,77152
syn-004597,10,low,175591
syn-004598,17,low,191986
syn-004599,12,low,72207
syn-004600,9,medium,219344
syn-004601,1,high,240289
syn-004602,1,high,200079
syn-004603,21,low,201432
syn-004604,8,high,187079
syn-004605,15,low,140595
syn-004606,1,low,93230
syn-004607,12,high,228545
syn-004608,1,high,73781
syn-004609,17,medium,111014
syn-004610,20,high,55969
syn-004611,5,low,147275
syn-004612,0,high,87703
syn-004613,20,low,72607
syn-004614,2,high,237600
syn-004615,17,low,156577
syn-004616,5,medium,175246
syn-004617,19,low,58178
syn-004618,5,low,120770
syn-004619,14,high,156452
syn-004620,11,low,220804
syn-004621,4,low,147295
syn-004622,4,high,176340
syn-004623,5,low,182939
syn-004624,13,medium,246709
syn-004625,11,low,99442
syn-004626,3,high,146165
syn-004627,6,medium,203136
syn-004628,3,high,68966
syn-004629,8,medium,140700
syn-004630,6,low,191728
syn-004631,7,low,216408
syn-004632,21,medium,51059
syn-004633,5,medium,148528
syn-004634,19,medium,87530
syn-004635,21,high,207071
syn-004636,0,high,102484
syn-004637,4,medium,194040
syn-004638,16,low,231226
syn-004639,10,medium,172340
syn-004640,1,medium,97199
syn-004641,7,medium,64437
syn-004642,4,high,112459
syn-004643,11,low,222527
syn-004644,15,low,104882
syn-004645,6,medium,151945
syn-004646,14,low,115815
syn-004647,3,low,186865
syn-004648,0,high,207769
syn-004649,10,medium,234301
syn-004650,15,low,54457
syn-004651,5,medium,152574
syn-004652,3,high,189737
syn-004653,17,medium,220402
syn-004654,10,high,161796
syn-004655,23,medium,218940
syn-004656,18,medium,83046
syn-004657,1,medium,101966
syn-004658,1,high,201634
syn-004659,21,low,101604
syn-004660,16,low,57735
syn-004661,19,medium,54761
syn-004662,9,low,215703
syn-004663,22,medium,56875
syn-004664,17,low,169979
syn-004665,8,low,234567
syn-004666,2,medium,182703
syn-004667,2,low,110521
syn-004668,0,low,121312
syn-004669,16,medium,230247
syn-004670,14,low,62090
syn-004671,5,low,77188
syn-004672,4,low,203481
syn-004673,8,low,234522
syn-004674,23,medium,81397
syn-004675,2,medium,182474
syn-004676,7,medium,65858
syn-004677,6,medium,114951
syn-004678,0,medium,130944
syn-004679,7,medium,80281
syn-004680,9,low,100970
syn-004681,10,medium,95166
syn-004682,1,low,102464
syn-004683,0,medium,204314
syn-004684,19,low,232459
syn-004685,6,low,160728
syn-004686,20,medium,228041
syn-004687,23,high,107524
syn-004688,3,low,113687
syn-004689,4,medium,223981
syn-004690,15,medium,175696
syn-004691,16,medium,197014
syn-004692,7,medium,77554
syn-004693,6,low,76427
syn-004694,4,low,60713
syn-004695,19,low,113341
syn-004696,12,high,140505
syn-004697,13,medium,147178
syn-004698,22,high,124564
syn-004699,15,high,237345
syn-004700,16,medium,189182
syn-004701,18,high,187811
syn-004702,23,low,222172
syn-004703,8,medium,101834
syn-004704,19,medium,203970
syn-004705,2,low,203679
syn-004706,16,medium,109845
syn-004707,18,high,104054
syn-004708,14,medium,123294
syn-004709,2,low,143694
syn-004710,17,high,65301
syn-004711,4,medium,219181
syn-004712,17,high,131280
syn-004713,1,high,191374
syn-004714,3,medium,91997
syn-004715,5,medium,225049
syn-004716,21,medium,148883
syn-004717,0,low,123460
syn-004718,19,low,101861
syn-004719,12,high,221596
syn-004720,19,medium,131146
syn-004721,1,low,205966
syn-004722,21,medium,181598
syn-004723,4,medium,221658
syn-004724,23,medium,129386
syn-004725,14,medium,118288
syn-004726,4,medium,102286
syn-004727,7,medium,134581
syn-004728,12,low,238263
syn-004729,17,low,100222
syn-004730,15,low,69157
syn-004731,22,low,222214
syn-004732,22,medium,132874
syn-004733,22,low,228140
syn-004734,11,low,146472
syn-004735,19,low,96567
syn-004736,12,medium,107730
syn-004737,20,low,84301
syn-004738,21,high,83325
syn-004739,8,low,130417
syn-004740,19,low,177226
syn-004741,5,low,248379
syn-004742,22,high,53185
syn-004743,17,high,101895
syn-004744,10,medium,208231
syn-004745,20,high,162375
syn-004746,8,low,59224
syn-004747,23,medium,215267
syn-004748,10,high,122129
syn-004749,22,medium,53981
syn-004750,11,low,201857
syn-004751,7,low,150092
syn-004752,0,high,243345
syn-004753,1,medium,99520
syn-004754,15,low,189261
syn-004755,5,medium,196859
syn-004756,10,high,240976
syn-004757,21,low,217679
syn-004758,19,low,211126
syn-004759,9,low,157435
syn-004760,15,high,210420
syn-004761,14,low,214512
syn-004762,21,low,197295
syn-004763,6,medium,193704
syn-004764,16,medium,228881
syn-004765,0,medium,219719
syn-004766,16,medium,167706
syn-004767,16,medium,240694
syn-004768,7,low,188574
syn-004769,21,medium,164543
syn-004770,9,low,248284
syn-004771,9,low,136971
syn-004772,8,high,149399
syn-004773,17,low,235325
syn-004774,11,low,246545
syn-004775,17,high,128715
syn-004776,15,high,217711
syn-004777,5,medium,68161
syn-004778,21,low,189774
syn-004779,13,medium,91572
syn-004780,13,medium,216227
syn-004781,17,low,180857
syn-004782,2,medium,241020
syn-004783,23,medium,81872
syn-004784,20,high,133527
syn-004785,22,low,219086
syn-004786,23,low,150699
syn-004787,4,medium,225168
syn-004788,7,medium,249459
syn-004789,1,low,110796
syn-004790,13,low,55217
syn-004791,17,low,59614
syn-004792,14,low,177911
syn-004793,21,high,189574
syn-004794,11,low,233696
syn-004795,16,high,197405
syn-004796,11,high,205413
syn-004797,14,low,120073
syn-004798,1,low,174231
syn-004799,7,low,159706
syn-004800,20,medium,66516
syn-004801,10,low,207774
syn-004802,8,medium,89993
syn-004803,7,low,189943
syn-004804,19,low,154246
syn-004805,2,medium,229813
syn-004806,1,high,69733
syn-004807,20,low,98839
syn-004808,12,high,126371
syn-004809,6,low,83749
syn-004810,4,low,182628
syn-004811,15,high,229753
syn-004812,3,medium,160181
syn-004813,14,high,153164
syn-004814,13,low,222413
syn-004815,20,high,87784
syn-004816,0,medium,178118
syn-004817,15,low,98422
syn-004818,21,medium,220914
syn-004819,10,high,134296
syn-004820,19,low,243677
syn-004821,23,low,164432
syn-004822,20,high,177085
syn-004823,10,medium,182860
syn-004824,9,medium,125311
syn-004825,19,medium,82625
syn-004826,17,medium,124481
syn-004827,12,medium,69741
syn-004828,0,medium,161319
syn-004829,23,medium,103297
syn-004830,23,low,51429
syn-004831,21,low,130509
syn-004832,2,low,220508
syn-004833,14,high,110651
syn-004834,7,low,164583
syn-004835,12,low,164839
syn-004836,17,medium,236728
syn-004837,14,high,59985
syn-004838,16,medium,76998
syn-004839,1,low,235849
syn-004840,14,medium,191515
syn-004841,22,low,164921
syn-004842,6,low,198429
syn-004843,12,high,80850
syn-004844,17,medium,128636
syn-004845,13,low,81697
syn-004846,22,medium,226444
syn-004847,23,low,157814
syn-004848,8,low,223412
syn-004849,16,low,57212
syn-004850,20,high,110232
syn-004851,9,high,139401
syn-004852,7,low,183688
syn-004853,9,low,99643
syn-004854,8,low,87477
syn-004855,12,low,247254
syn-004856,11,high,215759
syn-004857,22,high,64480
syn-004858,0,medium,84298
syn-004859,4,medium,210166
syn-004860,4,medium,79569
syn-004861,10,low,208966
syn-004862,4,medium,150363
syn-004863,7,low,60700
syn-004864,7,high,175703
syn-004865,22,low,100261
syn-004866,16,low,71040
syn-004867,3,medium,116677
syn-004868,16,high,202810
syn-004869,8,low,99764
syn-004870,5,high,198802
syn-004871,1,low,53371
syn-004872,6,medium,185191
syn-004873,12,medium,92854
syn-004874,3,low,219752
syn-004875,15,low,57333
syn-004876,10,low,141137
syn-004877,2,medium,93091
syn-004878,4,high,179982
syn-004879,16,medium,116779
syn-004880,19,low,83111
syn-004881,10,medium,192019
syn-004882,6,low,131813
syn-004883,11,medium,68849
syn-004884,17,medium,223571
syn-004885,16,medium,68887
syn-004886,8,low,223565
syn-004887,19,medium,182177
syn-004888,3,high,189075
syn-004889,9,low,93481
syn-004890,17,high,150384
syn-004891,6,medium,215051
syn-004892,12,medium,218879
syn-004893,2,low,233446
syn-004894,15,low,68411
syn-004895,13,high,78863
syn-004896,16,low,185641
syn-004897,22,high,159638
syn-004898,23,medium,206618
syn-004899,5,low,178313
syn-004900,7,medium,98536
syn-004901,21,low,203843
syn-004902,4,low,141068
syn-004903,9,medium,151881
syn-004904,14,medium,190288
syn-004905,5,medium,123694
syn-004906,9,low,203768
syn-004907,23,low,211446
syn-004908,13,medium,162338
syn-004909,18,medium,173045
syn-004910,5,low,220570
syn-004911,11,high,210521
syn-004912,4,low,158813
syn-004913,6,low,180174
syn-004914,9,low,234702
syn-004915,10,medium,248026
syn-004916,17,low,203120
syn-004917,15,low,76396
syn-004918,3,low,230938
syn-004919,19,low,73499
syn-004920,15,low,107845
syn-004921,21,high,168782
syn-004922,23,low,54295
syn-004923,5,medium,228663
syn-004924,23,medium,189053
syn-004925,11,high,242642
syn-004926,15,low,67842
syn-004927,16,high,175004
syn-004928,8,medium,94480
syn-004929,3,medium,218161
syn-004930,2,low,98932
syn-004931,1,high,245145
syn-004932,9,medium,212909
syn-004933,15,low,151804
syn-004934,21,low,234822
syn-004935,9,low,86646
syn-004936,18,medium,89461
syn-004937,9,medium,75039
syn-004938,19,low,81286
syn-004939,0,high,195426
syn-004940,2,high,76957
syn-004941,6,low,167644
syn-004942,20,high,209151
syn-004943,8,high,243911
syn-004944,13,low,90850
syn-004945,10,medium,106605
syn-004946,17,medium,58685
syn-004947,20,medium,173115
syn-004948,15,medium,203569
syn-004949,16,low,99692
syn-004950,6,low,112167
syn-004951,3,high,243364
syn-004952,4,medium,154089
syn-004953,9,low,109655
syn-004954,8,high,214506
syn-004955,9,medium,96879
syn-004956,6,low,127969
syn-004957,2,low,103339
syn-004958,5,medium,128810
syn-004959,7,low,145767
syn-004960,20,low,85139
syn-004961,17,high,107140
syn-004962,1,medium,123365
syn-004963,18,low,66440
syn-004964,0,low,209768
syn-004965,21,low,246709
syn-004966,15,low,129895
syn-004967,22,high,201508
syn-004968,21,high,53647
syn-004969,16,high,240501
syn-004970,8,high,181050
syn-004971,7,high,191200
syn-004972,0,medium,93844
syn-004973,15,high,132403
syn-004974,0,low,113725
syn-004975,17,low,149283
syn-004976,4,medium,203751
syn-004977,16,low,125499
syn-004978,9,medium,107207
syn-004979,20,low,153238
syn-004980,1,high,173345
syn-004981,15,high,138479
syn-004982,15,medium,53517
syn-004983,18,low,68845
syn-004984,15,low,53931
syn-004985,23,low,140292
syn-004986,5,low,101048
syn-004987,19,low,203936
syn-004988,2,low,240111
syn-004989,9,low,183437
syn-004990,3,medium,132238
syn-004991,18,low,116972
syn-004992,9,medium,229727
syn-004993,5,low,62517
syn-004994,14,low,102321
syn-004995,23,medium,110491
syn-004996,9,medium,117067
syn-004997,18,high,110133
syn-004998,15,high,92477
syn-004999,13,medium,217157
syn-005000,15,high,91458
syn-005001,0,medium,202420
syn-005002,16,low,159416
syn-005003,15,medium,207812
syn-005004,22,medium,237749
syn-005005,6,medium,64905
syn-005006,2,medium,135539
syn-005007,17,low,57037
syn-005008,20,medium,117793
syn-005009,21,high,200707
syn-005010,0,high,172091
syn-005011,19,medium,206260
syn-005012,14,high,105251
syn-005013,12,low,51327
syn-005014,16,low,126864
syn-005015,3,medium,149883
syn-005016,12,low,233820
syn-005017,21,low,177645
syn-005018,18,medium,212142
syn-005019,23,medium,122067
syn-005020,23,high,160955
syn-005021,23,medium,145226
syn-005022,18,low,248692
syn-005023,0,medium,91768
syn-005024,2,low,172939
syn-005025,15,medium,132606
syn-005026,8,high,124877
syn-005027,11,low,198106
syn-005028,5,low,102535
syn-005029,22,medium,178885
syn-005030,1,high,181372
syn-005031,22,high,148704
syn-005032,9,medium,121535
syn-005033,23,low,212333
syn-005034,2,medium,65167
syn-005035,0,medium,117531
syn-005036,17,low,59332
syn-005037,10,low,101358
syn-005038,8,medium,205412
syn-005039,8,low,107216
syn-005040,23,low,243504
syn-005041,1,low,204483
syn-005042,12,low,117433
syn-005043,12,low,223491
syn-005044,11,medium,197903
syn-005045,3,medium,170898
syn-005046,17,medium,89860
syn-005047,14,high,81285
syn-005048,15,high,158148
syn-005049,21,high,157707
syn-005050,23,low,193573
syn-005051,18,medium,97673
syn-005052,8,medium,177351
syn-005053,0,medium,194225
syn-005054,5,low,108546
syn-005055,13,low,148864
syn-005056,19,medium,179830
syn-005057,19,medium,122412
syn-005058,15,low,71932
syn-005059,6,low,113877
syn-005060,9,high,177545
syn-005061,6,medium,117927
syn-005062,7,low,85801
syn-005063,7,high,157539
syn-005064,6,low,204885
syn-005065,21,medium,171890
syn-005066,22,low,220179
syn-005067,19,low,236917
syn-005068,15,low,137413
syn-005069,22,low,72563
syn-005070,5,high,169662
syn-005071,8,high,146045
syn-005072,17,low,105347
syn-005073,10,high,163709
syn-005074,13,low,207029
syn-005075,2,low,224137
syn-005076,18,high,83304
syn-005077,8,low,237000
syn-005078,6,medium,231202
syn-005079,3,low,166716
syn-005080,21,high,148029
syn-005081,11,high,194071
syn-005082,20,high,195721
syn-005083,19,low,213477
syn-005084,14,high,190348
syn-005085,21,high,174929
syn-005086,4,medium,180043
syn-005087,5,high,205565
syn-005088,3,low,80818
syn-005089,1,high,144844
syn-005090,20,medium,181312
syn-005091,12,low,132765
syn-005092,17,low,102617
syn-005093,12,high,138319
syn-005094,22,medium,59363
syn-005095,18,medium,213703
syn-005096,13,medium,131946
syn-005097,19,low,192772
syn-005098,10,low,195140
syn-005099,18,low,205072
syn-005100,16,medium,242747
syn-005101,13,low,126567
syn-005102,8,high,125784
syn-005103,3,low,229732
syn-005104,8,low,122796
syn-005105,7,high,247719
syn-005106,0,medium,235531
syn-005107,11,high,139166
syn-005108,12,low,172907
syn-005109,22,medium,151452
syn-005110,10,medium,184199
syn-005111,22,medium,243165
syn-005112,17,low,161065
syn-005113,5,low,97186
syn-005114,1,high,94917
syn-005115,1,medium,53650
syn-005116,1,low,170776
syn-005117,1,medium,116711
syn-005118,1,medium,195693
syn-005119,9,medium,51925
syn-005120,20,medium,179036
syn-005121,13,low,142911
syn-005122,11,medium,115991
syn-005123,8,medium,209270
syn-005124,15,high,228208
syn-005125,8,low,249528
syn-005126,10,medium,161685
syn-005127,3,low,233134
syn-005128,11,low,194949
syn-005129,3,low,136993
syn-005130,19,medium,228826
syn-005131,10,low,142624
syn-005132,8,low,110165
syn-005133,18,medium,133921
syn-005134,23,medium,216277
syn-005135,20,medium,122204
syn-005136,14,low,78483
syn-005137,11,high,221081
syn-005138,3,low,203161
syn-005139,20,medium,206297
syn-005140,3,low,230785
syn-005141,8,medium,124207
syn-005142,0,low,225974
syn-005143,21,high,248457
syn-005144,15,medium,227212
syn-005145,11,medium,147466
syn-005146,23,low,175553
syn-005147,20,medium,98164
syn-005148,9,high,243721
syn-005149,16,low,178184
syn-005150,22,high,90192
syn-005151,15,medium,116331
syn-005152,20,low,183123
syn-005153,18,medium,90207
syn-005154,17,high,66163
syn-005155,17,low,50523
syn-005156,6,medium,241140
syn-005157,10,medium,159457
syn-005158,18,low,228518
syn-005159,18,low,142027
syn-005160,18,medium,103319
syn-005161,5,medium,114982
syn-005162,2,medium,208827
syn-005163,7,medium,143621
syn-005164,13,medium,60178
syn-005165,12,low,162113
syn-005166,5,low,249433
syn-005167,4,medium,212267
syn-005168,11,high,61418
syn-005169,8,high,117269
syn-005170,18,high,207222
syn-005171,17,medium,217764
syn-005172,17,medium,123548
syn-005173,5,high,51521
syn-005174,7,low,118162
syn-005175,20,medium,191708
syn-005176,3,low,110387
syn-005177,8,low,72050
syn-005178,4,medium,237538
syn-005179,23,low,76499
syn-005180,21,medium,87468
syn-005181,5,low,146576
syn-005182,6,high,193546
syn-005183,15,low,174931
syn-005184,12,medium,237437
syn-005185,9,medium,89086
syn-005186,19,medium,239982
syn-005187,22,low,142623
syn-005188,0,medium,110791
syn-005189,3,medium,199717
syn-005190,22,low,207469
syn-005191,11,low,112201
syn-005192,1,low,179076
syn-005193,6,medium,214330
syn-005194,1,medium,122921
syn-005195,18,high,90619
syn-005196,14,low,82388
syn-005197,12,medium,202593
syn-005198,17,low,240595
syn-005199,11,medium,189817
syn-005200,7,low,199469
syn-005201,12,high,120888
syn-005202,14,low,105494
syn-005203,21,low,194261
syn-005204,12,medium,111365
syn-005205,21,low,198302
syn-005206,14,low,203591
syn-005207,19,medium,165427
syn-005208,0,low,116327
syn-005209,5,high,195144
syn-005210,1,medium,197698
syn-005211,2,low,52098
syn-005212,7,high,96648
syn-005213,15,medium,126807
syn-005214,19,medium,155421
syn-005215,5,low,164832
syn-005216,15,medium,232401
syn-005217,22,low,51215
syn-005218,6,high,243820
syn-005219,11,low,216722
syn-005220,19,medium,200133
syn-005221,8,low,128139
syn-005222,12,medium,163696
syn-005223,2,high,122024
syn-005224,9,low,179265
syn-005225,18,low,198181
syn-005226,22,medium,132535
syn-005227,9,low,156629
syn-005228,16,low,183813
syn-005229,15,medium,135031
syn-005230,10,low,108203
syn-005231,2,medium,158810
syn-005232,6,medium,210122
syn-005233,18,low,170448
syn-005234,7,high,223985
syn-005235,7,medium,113071
syn-005236,8,high,79242
syn-005237,6,high,82916
syn-005238,2,medium,67837
syn-005239,0,medium,100728
syn-005240,7,high,79700
syn-005241,14,low,90488
syn-005242,14,medium,214163
syn-005243,7,low,85838
syn-005244,20,medium,245869
syn-005245,17,low,112990
syn-005246,12,medium,137019
syn-005247,21,medium,110150
syn-005248,12,high,56033
syn-005249,20,medium,138155
syn-005250,7,medium,202163
syn-005251,6,medium,150303
syn-005252,15,low,80744
syn-005253,14,medium,239462
syn-005254,23,medium,169535
syn-005255,6,medium,174617
syn-005256,12,low,188938
syn-005257,17,medium,154398
syn-005258,1,low,235887
syn-005259,20,medium,210641
syn-005260,21,low,179021
syn-005261,6,high,229364
syn-005262,19,low,179439
syn-005263,22,low,94350
syn-005264,22,low,216712
syn-005265,0,high,124817
syn-005266,11,high,60258
syn-005267,20,medium,221708
syn-005268,1,high,240087
syn-005269,17,low,184683
syn-005270,5,medium,98894
syn-005271,5,low,108311
syn-005272,22,high,68885
syn-005273,20,medium,194305
syn-005274,2,low,190053
syn-005275,21,low,113687
syn-005276,14,medium,97937
syn-005277,4,low,234717
syn-005278,10,low,87936
syn-005279,22,medium,56024
syn-005280,6,high,242020
syn-005281,17,medium,56376
syn-005282,15,low,58917
syn-005283,15,medium,241169
syn-005284,2,low,185648
syn-005285,22,low,231190
syn-005286,17,medium,249329
syn-005287,2,medium,200634
syn-005288,15,low,90346
syn-005289,10,low,63266
syn-005290,4,low,182563
syn-005291,1,high,230904
syn-005292,18,medium,137615
syn-005293,4,low,185926
syn-005294,22,low,196587
syn-005295,23,medium,165461
syn-005296,21,medium,210142
syn-005297,17,high,243962
syn-005298,22,low,127887
syn-005299,10,medium,76215
syn-005300,13,low,193383
syn-005301,4,high,234441
syn-005302,22,medium,109334
syn-005303,3,low,109638
syn-005304,5,high,101510
syn-005305,2,low,70477
syn-005306,1,high,107186
syn-005307,11,medium,231471
syn-005308,19,medium,136612
syn-005309,2,low,127208
syn-005310,5,low,116454
syn-005311,16,medium,92070
syn-005312,21,low,92103
syn-005313,19,medium,125864
syn-005314,7,low,58134
syn-005315,16,low,234557
syn-005316,13,high,137385
syn-005317,2,medium,142971
syn-005318,16,low,183446
syn-005319,16,medium,167431
syn-005320,12,medium,169385
syn-005321,23,medium,127569
syn-005322,5,low,120383
syn-005323,13,low,71564
syn-005324,22,medium,81539
syn-005325,0,high,169452
syn-005326,13,medium,83992
syn-005327,23,medium,116057
syn-005328,11,low,150771
syn-005329,9,medium,214256
syn-005330,6,medium,158317
syn-005331,22,medium,87080
syn-005332,2,medium,138587
syn-005333,17,low,93732
syn-005334,17,low,149675
syn-005335,1,high,164557
syn-005336,20,medium,228549
syn-005337,12,medium,110166
syn-005338,15,high,93967
syn-005339,12,medium,76523
syn-005340,23,low,72469
syn-005341,8,medium,87463
syn-005342,22,low,224533
syn-005343,0,medium,221348
syn-005344,20,medium,134117
syn-005345,5,medium,231258
syn-005346,20,low,120025
syn-005347,17,medium,86256
syn-005348,19,medium,92167
syn-005349,17,low,123977
syn-005350,14,medium,170193
syn-005351,16,medium,149351
syn-005352,6,low,83887
syn-005353,18,low,248078
syn-005354,5,medium,103264
syn-005355,13,medium,58108
syn-005356,14,medium,80663
syn-005357,19,high,201481
syn-005358,7,low,224174
syn-005359,17,high,65017
syn-005360,7,medium,244415
syn-005361,13,medium,191961
syn-005362,4,medium,149773
syn-005363,2,medium,164041
syn-005364,7,low,88945
syn-005365,16,high,180069
syn-005366,18,low,123295
syn-005367,19,medium,163054
syn-005368,11,medium,175820
syn-005369,13,high,113711
syn-005370,21,low,122841
syn-005371,12,high,130144
syn-005372,14,low,239392
syn-005373,21,low,210561
syn-005374,3,high,86192
syn-005375,12,low,120167
syn-005376,6,low,169897
syn-005377,19,low,178561
syn-005378,19,medium,152637
syn-005379,20,low,131782
syn-005380,8,high,110509
syn-005381,12,medium,91556
syn-005382,20,high,202073
syn-005383,1,medium,96241
syn-005384,17,low,133237
syn-005385,0,low,206627
syn-005386,2,medium,175622
syn-005387,20,high,202064
syn-005388,22,high,230853
syn-005389,14,high,116286
syn-005390,7,high,234816
syn-005391,15,medium,155848
syn-005392,23,medium,226640
syn-005393,5,medium,232793
syn-005394,8,low,174122
syn-005395,19,low,70239
syn-005396,8,low,90323
syn-005397,11,medium,212488
syn-005398,3,high,225217
syn-005399,15,medium,232861
syn-005400,21,medium,106347
syn-005401,16,medium,247126
syn-005402,19,medium,118370
syn-005403,20,low,159797
syn-005404,4,high,94982
syn-005405,8,low,161397
syn-005406,13,low,147789
syn-005407,21,high,104963
syn-005408,14,medium,172876
syn-005409,19,high,240628
syn-005410,5,medium,60945
syn-005411,1,high,53571
syn-005412,14,low,81113
syn-005413,13,high,52138
syn-005414,3,medium,208153
syn-005415,3,low,163080
syn-005416,10,medium,239213
syn-005417,1,low,221413
syn-005418,1,medium,53852
syn-005419,7,high,134629
syn-005420,9,medium,110059
syn-005421,7,high,141812
syn-005422,2,high,155499
syn-005423,18,medium,247396
syn-005424,20,medium,200702
syn-005425,9,low,227487
syn-005426,11,medium,133265
syn-005427,17,medium,112295
syn-005428,10,low,181930
syn-005429,11,low,182875
syn-005430,5,medium,89324
syn-005431,21,medium,172907
syn-005432,5,low,87144
syn-005433,8,low,100144
syn-005434,7,medium,119102
syn-005435,12,high,190283
syn-005436,5,medium,238910
syn-005437,16,medium,157292
syn-005438,23,high,144596
syn-005439,13,medium,86618
syn-005440,3,high,63072
syn-005441,10,medium,183013
syn-005442,13,low,144073
syn-005443,4,low,188063
syn-005444,13,medium,55502
syn-005445,4,low,212557
syn-005446,13,medium,120372
syn-005447,2,high,93789
syn-005448,6,high,138329
syn-005449,9,low,157948
syn-005450,6,high,153365
syn-005451,8,low,56642
syn-005452,21,low,82097
syn-005453,17,low,118512
syn-005454,22,low,93447
syn-005455,19,medium,87360
syn-005456,18,low,238635
syn-005457,9,medium,55068
syn-005458,0,low,201890
syn-005459,2,medium,249717
syn-005460,3,low,239133
syn-005461,15,low,102843
syn-005462,12,low,234851
syn-005463,6,low,141556
syn-005464,16,medium,152793
syn-005465,14,medium,109549
syn-005466,20,low,52487
syn-005467,1,low,50463
syn-005468,21,high,58283
syn-005469,11,medium,80295
syn-005470,22,medium,74549
syn-005471,9,medium,56229
syn-005472,3,high,78798
syn-005473,14,medium,209227
syn-005474,18,high,88159
syn-005475,10,low,193014
syn-005476,5,low,169135
syn-005477,22,low,232959
syn-005478,11,medium,140563
syn-005479,13,low,172371
syn-005480,10,low,106421
syn-005481,3,medium,53513
syn-005482,18,low,130516
syn-005483,0,low,226572
syn-005484,1,high,75618
syn-005485,20,medium,80912
syn-005486,11,high,232751
syn-005487,1,high,187209
syn-005488,20,low,94680
syn-005489,2,medium,184482
syn-005490,9,low,183742
syn-005491,7,high,57482
syn-005492,14,low,209854
syn-005493,16,low,114816
syn-005494,12,medium,95131
syn-005495,0,medium,68628
syn-005496,0,medium,171061
syn-005497,15,low,138420
syn-005498,9,medium,197108
syn-005499,22,low,234368
syn-005500,2,medium,149583
syn-005501,9,medium,145372
syn-005502,21,low,206793
syn-005503,16,medium,191545
syn-005504,0,low,177815
syn-005505,11,medium,138386
syn-005506,18,low,72232
syn-005507,1,high,99531
syn-005508,9,low,231236
syn-005509,1,low,246702
syn-005510,16,high,131023
syn-005511,20,low,93192
syn-005512,11,high,247239
syn-005513,3,medium,227747
syn-005514,3,low,147189
syn-005515,2,low,81779
syn-005516,16,medium,113816
syn-005517,8,high,141816
syn-005518,11,high,240864
syn-005519,8,medium,165117
syn-005520,23,low,199939
syn-005521,1,medium,61207
syn-005522,14,high,162669
syn-005523,4,high,200036
syn-005524,3,low,64448
syn-005525,14,medium,117671
syn-005526,19,medium,159097
syn-005527,3,high,62738
syn-005528,17,low,209956
syn-005529,0,low,110607
syn-005530,9,medium,107413
syn-005531,6,low,182359
syn-005532,2,high,249812
syn-005533,0,medium,245862
syn-005534,16,low,171398
syn-005535,6,low,193603
syn-005536,23,low,99824
syn-005537,15,low,197059
syn-005538,3,medium,74948
syn-005539,19,low,64932
syn-005540,16,medium,129437
syn-005541,11,low,65850
syn-005542,6,medium,168768
syn-005543,9,medium,219783
syn-005544,1,low,152295
syn-005545,7,high,228428
syn-005546,17,high,163704
syn-005547,8,low,71966
syn-005548,15,low,217217
syn-005549,21,low,174622
syn-005550,5,medium,227037
syn-005551,1,low,177915
syn-005552,20,low,138564
syn-005553,4,low,213589
syn-005554,19,medium,52873
syn-005555,20,low,186615
syn-005556,6,low,210727
syn-005557,16,low,75905
syn-005558,7,high,99237
syn-005559,1,low,85957
syn-005560,14,low,135707
syn-005561,1,high,86958
syn-005562,14,medium,151005
syn-005563,19,low,238066
syn-005564,9,medium,123884
syn-005565,19,low,87970
syn-005566,1,high,185801
syn-005567,10,high,238392
syn-005568,7,medium,185830
syn-005569,23,medium,95405
syn-005570,10,medium,188829
syn-005571,4,medium,187656
syn-005572,7,low,120307
syn-005573,19,medium,107696
syn-005574,13,low,172876
syn-005575,4,medium,63380
syn-005576,1,high,162621
syn-005577,15,medium,62413
syn-005578,8,low,138523
syn-005579,18,medium,123678
syn-005580,4,low,245412
syn-005581,17,high,86669
syn-005582,9,medium,239853
syn-005583,12,medium,176394
syn-005584,1,medium,189732
syn-005585,7,low,56536
syn-005586,17,low,201348
syn-005587,16,medium,231783
syn-005588,2,high,139665
syn-005589,4,high,237581
syn-005590,10,low,93842
syn-005591,4,low,230303
syn-005592,12,low,111008
syn-005593,3,low,60748
syn-005594,10,low,78664
syn-005595,17,low,214750
syn-005596,8,high,166439
syn-005597,18,low,138461
syn-005598,22,high,245023
syn-005599,3,medium,132863
syn-005600,15,medium,178319
syn-005601,6,medium,144658
syn-005602,17,high,173497
syn-005603,2,medium,51951
syn-005604,10,high,159822
syn-005605,22,high,148327
syn-005606,23,medium,141412
syn-005607,4,high,126004
syn-005608,7,high,50509
syn-005609,4,medium,144484
syn-005610,20,low,166975
syn-005611,17,high,152384
syn-005612,17,medium,137549
syn-005613,7,low,152640
syn-005614,4,low,135232
syn-005615,21,low,178186
syn-005616,19,low,106554
syn-005617,8,medium,233787
syn-005618,13,high,217448
syn-005619,13,high,69177
syn-005620,11,high,125209
syn-005621,6,low,203548
syn-005622,12,low,61854
syn-005623,23,low,91663
syn-005624,15,low,229867
syn-005625,9,low,130824
syn-005626,11,high,220943
syn-005627,14,high,53626
syn-005628,20,medium,230527
syn-005629,3,high,106950
syn-005630,3,low,219346
syn-005631,18,low,143041
syn-005632,23,medium,248673
syn-005633,1,medium,125499
syn-005634,21,low,216009
syn-005635,10,medium,161782
syn-005636,7,high,240401
syn-005637,8,medium,88729
syn-005638,7,medium,165261
syn-005639,8,medium,242225
syn-005640,22,high,169809
syn-005641,10,medium,103143
syn-005642,10,medium,70550
syn-005643,22,medium,70457
syn-005644,0,medium,206791
syn-005645,11,high,249779
syn-005646,10,high,79895
syn-005647,18,high,230188
syn-005648,20,low,221442
syn-005649,22,high,83806
syn-005650,23,medium,76121
syn-005651,9,medium,139678
syn-005652,19,medium,171365
syn-005653,5,low,243188
syn-005654,6,low,196542
syn-005655,17,medium,243080
syn-005656,2,high,116097
syn-005657,23,high,249151
syn-005658,3,medium,65787
syn-005659,4,low,208996
syn-005660,14,medium,156153
syn-005661,17,low,176330
syn-005662,10,medium,63758
syn-005663,21,high,50083
syn-005664,14,medium,183325
syn-005665,7,low,87979
syn-005666,4,medium,248408
syn-005667,17,medium,149633
syn-005668,22,high,240992
syn-005669,17,low,115580
syn-005670,9,low,235187
syn-005671,20,medium,63101
syn-005672,2,low,219030
syn-005673,7,medium,128294
syn-005674,8,high,245150
syn-005675,14,high,242917
syn-005676,11,low,75170
syn-005677,5,low,239815
syn-005678,14,medium,139440
syn-005679,11,high,207449
syn-005680,7,high,73975
syn-005681,20,low,84304
syn-005682,3,low,77324
syn-005683,14,medium,145792
syn-005684,18,high,148468
syn-005685,17,high,69204
syn-005686,2,high,101016
syn-005687,6,high,148804
syn-005688,0,low,76877
syn-005689,19,medium,229788
syn-005690,17,high,141231
syn-005691,19,medium,215890
syn-005692,23,medium,211129
syn-005693,2,high,246477
syn-005694,13,medium,166355
syn-005695,1,low,234066
syn-005696,10,medium,64322
syn-005697,15,low,150551
syn-005698,17,medium,90702
syn-005699,18,high,245252
syn-005700,0,high,75590
syn-005701,13,medium,69013
syn-005702,23,low,125937
syn-005703,22,low,220131
syn-005704,22,medium,65628
syn-005705,0,medium,82632
syn-005706,16,medium,107018
syn-005707,6,low,124889
syn-005708,3,medium,235150
syn-005709,21,high,236944
syn-005710,11,low,54736
syn-005711,8,low,98645
syn-005712,20,high,235526
syn-005713,8,medium,59741
syn-005714,8,medium,88209
syn-005715,20,low,66717
syn-005716,4,high,104214
syn-005717,9,low,115177
syn-005718,8,medium,61136
syn-005719,4,low,88852
syn-005720,1,medium,190464
syn-005721,1,low,111734
syn-005722,15,low,220326
syn-005723,18,low,212732
syn-005724,8,medium,53154
syn-005725,6,medium,74868
syn-005726,16,high,102292
syn-005727,12,low,76180
syn-005728,20,low,127170
syn-005729,13,high,170223
syn-005730,22,low,181830
syn-005731,0,high,128152
syn-005732,14,medium,194867
syn-005733,18,medium,110447
syn-005734,18,low,189971
syn-005735,13,medium,208869
syn-005736,11,low,163867
syn-005737,0,high,228002
syn-005738,14,low,207274
syn-005739,6,medium,170777
syn-005740,11,medium,52664
syn-005741,9,low,133333
syn-005742,4,medium,207395
syn-005743,2,medium,115522
syn-005744,2,medium,63202
syn-005745,22,low,114795
syn-005746,19,medium,59943
syn-005747,7,medium,117514
syn-005748,10,low,181617
syn-005749,22,high,90187
syn-005750,17,low,144661
syn-005751,13,medium,62557
syn-005752,10,low,136634
syn-005753,14,high,55119
syn-005754,12,high,191170
syn-005755,15,high,144420
syn-005756,22,low,59387
syn-005757,1,low,232581
syn-005758,9,low,79261
syn-005759,7,low,181656
syn-005760,23,low,126428
syn-005761,4,low,179038
syn-005762,17,low,165953
syn-005763,22,low,230609
syn-005764,7,medium,246351
syn-005765,18,low,81384
syn-005766,4,high,145615
syn-005767,20,high,64347
syn-005768,17,low,216915
syn-005769,1,low,241449
syn-005770,4,low,102915
syn-005771,2,high,128243
syn-005772,10,high,131037
syn-005773,9,medium,206450
syn-005774,11,high,70570
syn-005775,12,low,145795
syn-005776,14,low,119125
syn-005777,13,medium,189378
syn-005778,20,high,241827
syn-005779,18,high,212058
syn-005780,8,low,78224
syn-005781,7,medium,166745
syn-005782,19,medium,108220
syn-005783,9,high,82837
syn-005784,1,low,83408
syn-005785,8,low,175838
syn-005786,21,medium,187228
syn-005787,6,high,131551
syn-005788,19,low,169782
syn-005789,20,medium,193121
syn-005790,12,high,224862
syn-005791,19,medium,142254
syn-005792,4,medium,144947
syn-005793,15,medium,187531
syn-005794,0,low,229311
syn-005795,20,medium,66845
syn-005796,17,high,127626
syn-005797,1,low,170525
syn-005798,22,high,209798
syn-005799,16,high,119432
syn-005800,0,low,156521
syn-005801,23,high,223527
syn-005802,10,high,228014
syn-005803,11,low,130823
syn-005804,17,medium,239248
syn-005805,8,high,184137
syn-005806,12,medium,240231
syn-005807,20,high,241358
syn-005808,9,low,211495
syn-005809,17,medium,150504
syn-005810,5,medium,73797
syn-005811,12,low,127864
syn-005812,11,high,93648
syn-005813,19,medium,80116
syn-005814,16,low,89130
syn-005815,12,low,50869
syn-005816,22,low,57683
syn-005817,23,medium,95543
syn-005818,17,high,164133
syn-005819,22,medium,161366
syn-005820,6,medium,234563
syn-005821,18,medium,149027
syn-005822,10,low,137391
syn-005823,22,low,166424
syn-005824,10,medium,227154
syn-005825,16,high,68154
syn-005826,2,low,164482
syn-005827,15,medium,211343
syn-005828,10,low,191336
syn-005829,20,medium,243399
syn-005830,1,low,210767
syn-005831,17,medium,180039
syn-005832,9,low,84463
syn-005833,1,low,246292
syn-005834,7,low,211098
syn-005835,13,low,156622
syn-005836,16,high,161496
syn-005837,10,low,74788
syn-005838,14,low,215072
syn-005839,3,high,80457
syn-005840,6,low,58361
syn-005841,15,low,91488
syn-005842,17,medium,124687
syn-005843,18,low,54668
syn-005844,18,medium,246128
syn-005845,19,low,127732
syn-005846,2,medium,187678
syn-005847,14,low,73081
syn-005848,18,high,235288
syn-005849,9,low,97456
syn-005850,10,medium,104298
syn-005851,20,medium,103207
syn-005852,7,medium,156660
syn-005853,5,low,122207
syn-005854,15,high,224663
syn-005855,9,high,184700
syn-005856,13,low,170113
syn-005857,21,medium,66083
syn-005858,10,low,224639
syn-005859,11,low,208309
syn-005860,14,high,215336
syn-005861,10,low,167532
syn-005862,3,low,152194
syn-005863,1,high,96888
syn-005864,12,high,82580
syn-005865,7,high,69803
syn-005866,13,medium,226260
syn-005867,23,low,117108
syn-005868,1,medium,180628
syn-005869,17,low,184176
syn-005870,11,medium,214275
syn-005871,6,low,237525
syn-005872,15,low,85836
syn-005873,14,medium,89207
syn-005874,9,high,199619
syn-005875,12,low,192742
syn-005876,19,medium,146100
syn-005877,17,high,192987
syn-005878,8,medium,147471
syn-005879,4,low,75734
syn-005880,22,low,69198
syn-005881,6,low,61371
syn-005882,19,high,239207
syn-005883,11,medium,113710
syn-005884,13,low,226418
syn-005885,3,low,196558
syn-005886,6,low,94071
syn-005887,0,low,50936
syn-005888,9,medium,100855
syn-005889,22,low,148621
syn-005890,15,low,201546
syn-005891,6,medium,182109
syn-005892,7,low,155355
syn-005893,12,medium,223175
syn-005894,21,medium,248773
syn-005895,10,low,152253
syn-005896,21,low,74390
syn-005897,3,low,218351
syn-005898,14,medium,160214
syn-005899,12,low,124012
syn-005900,17,high,215172
syn-005901,1,high,168884
syn-005902,9,medium,212427
syn-005903,2,high,85404
syn-005904,7,medium,91463
syn-005905,16,low,72343
syn-005906,14,low,162264
syn-005907,5,medium,247870
syn-005908,22,medium,109345
syn-005909,7,low,52300
syn-005910,23,medium,239491
syn-005911,12,medium,114877
syn-005912,18,medium,196945
syn-005913,12,medium,80863
syn-005914,4,medium,128280
syn-005915,0,medium,223815
syn-005916,17,low,217485
syn-005917,2,low,176177
syn-005918,2,high,63988
syn-005919,2,low,187919
syn-005920,4,low,114748
syn-005921,21,medium,133470
syn-005922,9,high,171966
syn-005923,4,high,116914
syn-005924,22,medium,194345
syn-005925,10,low,66222
syn-005926,16,low,51541
syn-005927,1,high,195889
syn-005928,22,medium,106571
syn-005929,17,high,50573
syn-005930,9,high,79997
syn-005931,1,low,192033
syn-005932,17,low,123475
syn-005933,21,low,75470
syn-005934,23,low,122356
syn-005935,14,medium,163821
syn-005936,17,low,140684
syn-005937,10,low,243416
syn-005938,15,medium,118969
syn-005939,18,high,66231
syn-005940,4,low,161925
syn-005941,16,medium,58490
syn-005942,12,medium,103171
syn-005943,3,low,124768
syn-005944,2,medium,223907
syn-005945,22,high,226399
syn-005946,15,medium,141753
syn-005947,4,low,115386
syn-005948,16,low,216706
syn-005949,8,low,169406
syn-005950,16,high,105573
syn-005951,22,low,232051
syn-005952,14,high,139379
syn-005953,0,low,214276
syn-005954,0,medium,54446
syn-005955,20,high,122322
syn-005956,15,high,150392
syn-005957,7,medium,85722
syn-005958,5,low,196637
syn-005959,6,medium,151194
syn-005960,21,medium,249814
syn-005961,23,medium,217857
syn-005962,10,high,198529
syn-005963,21,medium,214493
syn-005964,1,medium,91936
syn-005965,19,medium,94859
syn-005966,9,medium,155344
syn-005967,0,high,168546
syn-005968,0,low,218277
syn-005969,11,low,121290
syn-005970,16,low,150747
syn-005971,7,medium,61464
syn-005972,17,medium,118202
syn-005973,1,medium,186361
syn-005974,14,medium,54583
syn-005975,18,medium,63475
syn-005976,2,low,58457
syn-005977,3,low,235148
syn-005978,19,medium,76023
syn-005979,4,low,123033
syn-005980,16,medium,140610
syn-005981,23,high,104561
syn-005982,21,low,224949
syn-005983,1,low,180481
syn-005984,17,medium,217939
syn-005985,11,low,196645
syn-005986,9,medium,211976
syn-005987,18,low,126200
syn-005988,18,medium,179166
syn-005989,17,medium,208627
syn-005990,9,low,228967
syn-005991,17,low,92619
syn-005992,22,medium,84393
syn-005993,9,high,82626
syn-005994,14,low,245334
syn-005995,4,high,138034
syn-005996,15,low,236286
syn-005997,8,medium,189716
syn-005998,5,low,147303
syn-005999,0,high,57293
syn-006000,14,low,156785
syn-006001,14,low,233065
syn-006002,0,low,55273
syn-006003,5,high,130888
syn-006004,16,low,226968
syn-006005,5,low,59781
syn-006006,20,medium,152846
syn-006007,22,low,147712
syn-006008,22,medium,55987
syn-006009,4,high,156133
syn-006010,1,low,194684
syn-006011,22,low,107828
syn-006012,7,high,116156
syn-006013,15,medium,187350
syn-006014,10,low,135268
syn-006015,11,medium,240455
syn-006016,5,low,208428
syn-006017,2,low,162103
syn-006018,23,low,198046
syn-006019,21,medium,160895
syn-006020,6,low,186236
syn-006021,21,medium,61782
syn-006022,7,low,63338
syn-006023,15,low,113153
syn-006024,8,high,82197
syn-006025,19,low,62130
syn-006026,3,low,154094
syn-006027,6,low,106833
syn-006028,7,low,194762
syn-006029,14,low,240504
syn-006030,18,low,138631
syn-006031,10,medium,138007
syn-006032,20,low,129894
syn-006033,11,high,94876
syn-006034,22,medium,146568
syn-006035,19,medium,244589
syn-006036,0,low,184648
syn-006037,13,low,157794
syn-006038,5,low,114730
syn-006039,4,low,223948
syn-006040,13,medium,182474
syn-006041,0,low,153241
syn-006042,4,medium,54515
syn-006043,12,medium,65011
syn-006044,5,high,145004
syn-006045,8,high,98272
syn-006046,18,medium,175855
syn-006047,3,low,223307
syn-006048,6,low,208152
syn-006049,21,low,111258
syn-006050,4,low,244188
syn-006051,20,low,232203
syn-006052,21,low,237346
syn-006053,10,low,97728
syn-006054,5,low,69769
syn-006055,10,low,203604
syn-006056,3,medium,64666
syn-006057,5,low,109913
syn-006058,16,low,217261
syn-006059,6,low,232398
syn-006060,2,low,200887
syn-006061,14,low,63890
syn-006062,23,low,194915
syn-006063,2,low,158349
syn-006064,16,high,107184
syn-006065,19,low,137838
syn-006066,6,high,221963
syn-006067,18,high,51472
syn-006068,10,medium,72010
syn-006069,11,low,57937
syn-006070,13,low,108860
syn-006071,21,medium,210808
syn-006072,5,high,243993
syn-006073,5,low,167346
syn-006074,21,high,220937
syn-006075,5,medium,71182
syn-006076,6,medium,70584
syn-006077,4,high,160077
syn-006078,8,low,126448
syn-006079,2,low,172027
syn-006080,13,high,159566
syn-006081,16,low,167396
syn-006082,4,high,104699
syn-006083,1,medium,245929
syn-006084,17,low,249554
syn-006085,20,low,142180
syn-006086,13,low,200595
syn-006087,1,medium,60305
syn-006088,14,low,99092
syn-006089,20,low,127969
syn-006090,15,low,74302
syn-006091,2,medium,103372
syn-006092,10,high,192078
syn-006093,11,medium,124306
syn-006094,8,medium,225215
syn-006095,18,low,150905
syn-006096,6,medium,74732
syn-006097,16,low,229524
syn-006098,21,low,78064
syn-006099,16,medium,214626
syn-006100,14,low,247629
syn-006101,13,medium,160895
syn-006102,19,medium,219452
syn-006103,22,low,193945
syn-006104,12,high,107260
syn-006105,15,medium,193187
syn-006106,5,medium,61406
syn-006107,17,medium,98632
syn-006108,18,low,106305
syn-006109,20,low,133395
syn-006110,17,low,172353
syn-006111,7,medium,58434
syn-006112,13,medium,173120
syn-006113,17,high,94757
syn-006114,12,low,51929
syn-006115,1,medium,145480
syn-006116,1,low,142835
syn-006117,2,medium,196217
syn-006118,9,high,59313
syn-006119,19,low,62193
syn-006120,18,low,74579
syn-006121,11,medium,125861
syn-006122,22,high,85967
syn-006123,16,medium,163642
syn-006124,7,low,176538
syn-006125,4,high,228265
syn-006126,19,high,248454
syn-006127,11,high,186629
syn-006128,0,medium,202908
syn-006129,4,medium,218828
syn-006130,23,low,131288
syn-006131,20,low,241314
syn-006132,2,high,116288
syn-006133,12,medium,181094
syn-006134,16,low,228207
syn-006135,17,low,139294
syn-006136,12,low,228440
syn-006137,6,high,133595
syn-006138,9,low,240182
syn-006139,13,high,212944
syn-006140,6,high,198069
syn-006141,2,low,88930
syn-006142,0,low,183377
syn-006143,23,high,135512
syn-006144,6,low,248463
syn-006145,12,medium,159596
syn-006146,2,low,134173
syn-006147,2,high,170823
syn-006148,5,high,111236
syn-006149,4,high,65206
syn-006150,11,medium,171017
syn-006151,15,medium,115835
syn-006152,21,low,122842
syn-006153,15,medium,198224
syn-006154,1,low,192838
syn-006155,18,high,51921
syn-006156,6,medium,212495
syn-006157,1,high,76269
syn-006158,4,low,240650
syn-006159,20,low,194741
syn-006160,23,medium,71021
syn-006161,15,medium,199650
syn-006162,1,medium,130834
syn-006163,4,low,171880
syn-006164,3,low,137758
syn-006165,12,medium,234008
syn-006166,21,medium,215559
syn-006167,20,high,206031
syn-006168,3,low,56898
syn-006169,10,high,206899
syn-006170,6,low,227287
syn-006171,16,medium,138372
syn-006172,5,medium,244717
syn-006173,22,low,184497
syn-006174,13,high,63463
syn-006175,8,high,232270
syn-006176,3,low,63694
syn-006177,12,medium,196203
syn-006178,11,low,219896
syn-006179,14,low,240596
syn-006180,16,medium,194002
syn-006181,6,medium,73798
syn-006182,19,medium,166346
syn-006183,8,medium,105704
syn-006184,3,medium,128790
syn-006185,19,low,119709
syn-006186,20,high,63632
syn-006187,4,low,246050
syn-006188,19,medium,180633
syn-006189,9,medium,183525
syn-006190,17,high,231373
syn-006191,9,high,248742
syn-006192,6,low,202690
syn-006193,7,low,136310
syn-006194,12,low,193094
syn-006195,10,high,237991
syn-006196,19,medium,243240
syn-006197,12,medium,174276
syn-006198,5,high,226968
syn-006199,12,medium,54346
syn-006200,18,medium,91637
syn-006201,3,medium,221457
syn-006202,23,medium,227856
syn-006203,1,medium,119593
syn-006204,20,low,67702
syn-006205,11,high,202994
syn-006206,7,low,174613
syn-006207,23,low,239440
syn-006208,20,medium,203556
syn-006209,23,low,130568
syn-006210,0,high,144477
syn-006211,17,low,131266
syn-006212,5,medium,131993
syn-006213,22,medium,201395
syn-006214,17,medium,131752
syn-006215,11,high,187494
syn-006216,17,medium,186507
syn-006217,5,medium,233105
syn-006218,10,low,125242
syn-006219,17,low,110074
syn-006220,14,high,154652
syn-006221,9,medium,137317
syn-006222,5,medium,106067
syn-006223,7,high,236159
syn-006224,18,low,126288
syn-006225,15,medium,206452
syn-006226,6,medium,233779
syn-006227,6,medium,89695
syn-006228,5,high,203538
syn-006229,18,medium,172683
syn-006230,3,low,102777
syn-006231,15,low,77512
syn-006232,4,low,131311
syn-006233,6,low,168824
syn-006234,2,low,206014
syn-006235,5,low,69366
syn-006236,3,medium,197926
syn-006237,0,medium,172978
syn-006238,12,low,85239
syn-006239,20,low,60724
syn-006240,19,medium,195818
syn-006241,11,medium,99109
syn-006242,14,medium,142983
syn-006243,6,low,111401
syn-006244,16,medium,198914
syn-006245,23,medium,131909
syn-006246,2,medium,65281
syn-006247,15,medium,118903
syn-006248,5,low,62848
syn-006249,15,low,113123
syn-006250,9,high,52007
syn-006251,20,high,235847
syn-006252,21,medium,147682
syn-006253,2,low,143905
syn-006254,22,high,152948
syn-006255,11,high,163086
syn-006256,18,low,211109
syn-006257,13,high,186288
syn-006258,2,medium,167072
syn-006259,17,low,207382
syn-006260,3,low,90361
syn-006261,3,medium,224021
syn-006262,5,low,189534
syn-006263,18,medium,149130
syn-006264,6,medium,74447
syn-006265,22,high,124403
syn-006266,17,medium,179909
syn-006267,10,low,50647
syn-006268,3,medium,180748
syn-006269,5,low,79737
syn-006270,18,low,69124
syn-006271,14,medium,99621
syn-006272,7,low,101658
syn-006273,1,high,72850
syn-006274,18,low,205884
syn-006275,9,low,147464
syn-006276,23,medium,213989
syn-006277,11,low,233372
syn-006278,0,medium,198331
syn-006279,21,medium,141364
syn-006280,9,low,96869
syn-006281,4,low,149973
syn-006282,9,low,102598
syn-006283,15,low,222583
syn-006284,0,low,176073
syn-006285,6,low,223756
syn-006286,22,medium,241866
syn-006287,9,low,197371
syn-006288,4,low,128055
syn-006289,23,medium,169963
syn-006290,10,high,181117
syn-006291,17,low,51236
syn-006292,15,medium,220067
syn-006293,5,low,203118
syn-006294,0,low,50669
syn-006295,19,low,246186
syn-006296,19,medium,228017
syn-006297,13,low,187066
syn-006298,1,medium,184759
syn-006299,7,low,100310
syn-006300,8,low,161162
syn-006301,15,low,108405
syn-006302,5,low,213527
syn-006303,14,high,239242
syn-006304,12,low,212275
syn-006305,6,low,129564
syn-006306,15,medium,121472
syn-006307,13,medium,151015
syn-006308,1,medium,88648
syn-006309,18,high,176012
syn-006310,8,high,151473
syn-006311,9,medium,199091
syn-006312,1,medium,60686
syn-006313,7,high,192921
syn-006314,0,medium,194095
syn-006315,11,low,60042
syn-006316,5,low,108031
syn-006317,6,high,140623
syn-006318,22,high,185756
syn-006319,6,low,104588
syn-006320,19,medium,210924
syn-006321,1,medium,196727
syn-006322,15,low,56649
syn-006323,0,medium,67637
syn-006324,8,low,146679
syn-006325,20,low,76905
syn-006326,3,low,222750
syn-006327,7,high,126442
syn-006328,6,medium,192806
syn-006329,11,high,212754
syn-006330,20,high,188719
syn-006331,20,low,210576
syn-006332,5,low,151421
syn-006333,9,low,143314
syn-006334,10,high,181940
syn-006335,17,high,222646
syn-006336,2,low,100271
syn-006337,16,low,190427
syn-006338,22,medium,139873
syn-006339,8,medium,172914
syn-006340,5,high,57489
syn-006341,22,medium,221421
syn-006342,4,low,89555
syn-006343,20,low,196174
syn-006344,21,low,85957
syn-006345,12,high,243684
syn-006346,0,medium,163901
syn-006347,6,medium,157803
syn-006348,5,high,134030
syn-006349,20,medium,50142
syn-006350,15,low,142207
syn-006351,0,medium,204293
syn-006352,13,medium,103951
syn-006353,0,low,158209
syn-006354,12,low,101951
syn-006355,8,medium,246720
syn-006356,20,medium,229625
syn-006357,11,high,225374
syn-006358,9,high,87229
syn-006359,0,medium,169416
syn-006360,14,medium,65361
syn-006361,13,medium,208475
syn-006362,8,low,86374
syn-006363,14,medium,240880
syn-006364,8,medium,160199
syn-006365,8,medium,153948
syn-006366,18,medium,122296
syn-006367,21,medium,97160
syn-006368,13,medium,73300
syn-006369,4,low,235196
syn-006370,21,low,107649
syn-006371,19,low,143489
syn-006372,3,low,129252
syn-006373,17,low,182912
syn-006374,4,low,62950
syn-006375,17,low,238128
syn-006376,16,medium,106168
syn-006377,18,high,242332
syn-006378,1,medium,212743
syn-006379,0,high,168100
syn-006380,10,medium,239349
syn-006381,10,low,121030
syn-006382,1,high,105943
syn-006383,10,low,167300
syn-006384,21,low,54561
syn-006385,9,low,89340
syn-006386,6,low,64476
syn-006387,21,low,93951
syn-006388,6,low,240354
syn-006389,2,low,122577
syn-006390,15,high,245333
syn-006391,15,low,180153
syn-006392,8,high,84925
syn-006393,5,medium,212863
syn-006394,13,high,235811
syn-006395,1,low,181036
syn-006396,9,low,206134
syn-006397,9,high,55086
syn-006398,3,low,134554
syn-006399,18,medium,249261
syn-006400,21,medium,160416
syn-006401,14,low,57312
syn-006402,14,medium,89731
syn-006403,17,high,168083
syn-006404,12,low,202512
syn-006405,4,high,220671
syn-006406,1,low,222386
syn-006407,17,medium,139238
syn-006408,5,high,204305
syn-006409,4,medium,219521
syn-006410,15,low,51434
syn-006411,3,low,147920
syn-006412,15,low,218018
syn-006413,14,medium,177933
syn-006414,18,high,222104
syn-006415,3,high,200001
syn-006416,21,medium,211566
syn-006417,9,medium,138803
syn-006418,8,low,164199
syn-006419,10,low,142090
syn-006420,1,high,238226
syn-006421,22,high,232553
syn-006422,12,low,88191
syn-006423,6,high,129163
syn-006424,23,medium,67344
syn-006425,14,low,67227
syn-006426,2,high,204277
syn-006427,9,high,197832
syn-006428,20,medium,180399
syn-006429,10,low,109559
syn-006430,17,high,229879
syn-006431,15,low,83469
syn-006432,12,low,85220
syn-006433,17,high,248322
syn-006434,21,low,241765
syn-006435,16,medium,191112
syn-006436,9,low,192789
syn-006437,7,low,195695
syn-006438,7,medium,156353
syn-006439,2,high,105360
syn-006440,2,low,56510
syn-006441,8,low,87911
syn-006442,4,medium,154135
syn-006443,16,medium,170268
syn-006444,23,high,63718
syn-006445,21,medium,153657
syn-006446,14,high,130113
syn-006447,20,low,115183
syn-006448,13,low,182475
syn-006449,7,medium,249312
syn-006450,10,low,212874
syn-006451,19,low,109240
syn-006452,13,high,62520
syn-006453,11,low,111592
syn-006454,18,medium,91154
syn-006455,1,high,92759
syn-006456,14,low,214438
syn-006457,0,medium,150337
syn-006458,0,medium,111666
syn-006459,8,high,159131
syn-006460,0,medium,157624
syn-006461,1,low,104320
syn-006462,17,low,144401
syn-006463,22,high,150975
syn-006464,13,low,102014
syn-006465,22,medium,69455
syn-006466,7,low,138710
syn-006467,19,medium,58112
syn-006468,12,medium,173921
syn-006469,18,low,195441
syn-006470,14,medium,192597
syn-006471,5,low,113817
syn-006472,12,high,184105
syn-006473,5,medium,231716
syn-006474,17,high,249769
syn-006475,3,low,211773
syn-006476,1,medium,223746
syn-006477,0,medium,141873
syn-006478,13,medium,187277
syn-006479,15,low,89583
syn-006480,22,low,108278
syn-006481,10,low,222067
syn-006482,17,high,114748
syn-006483,23,low,249284
syn-006484,15,low,101737
syn-006485,22,high,181756
syn-006486,21,low,197309
syn-006487,11,low,69181
syn-006488,22,high,168688
syn-006489,13,low,85496
syn-006490,16,medium,197058
syn-006491,16,medium,174205
syn-006492,22,low,153067
syn-006493,18,high,155319
syn-006494,11,medium,166787
syn-006495,21,medium,247823
syn-006496,11,high,165775
syn-006497,13,low,100150
syn-006498,10,high,80847
syn-006499,0,medium,111406
syn-006500,13,high,221593
syn-006501,23,low,178891
syn-006502,4,high,102020
syn-006503,16,low,205307
syn-006504,17,low,50757
syn-006505,7,low,58959
syn-006506,6,low,87274
syn-006507,17,high,202387
syn-006508,5,medium,155150
syn-006509,7,low,213150
syn-006510,10,low,145038
syn-006511,6,low,161077
syn-006512,17,medium,145490
syn-006513,15,low,188504
syn-006514,16,medium,179107
syn-006515,8,low,186887
syn-006516,1,low,85440
syn-006517,12,high,100110
syn-006518,23,medium,84987
syn-006519,7,high,55322
syn-006520,21,medium,165467
syn-006521,4,high,204777
syn-006522,5,high,154524
syn-006523,16,low,238910
syn-006524,15,low,146725
syn-006525,1,high,141353
syn-006526,16,high,84904
syn-006527,5,low,233063
syn-006528,8,low,88235
syn-006529,5,medium,205350
syn-006530,16,low,212716
syn-006531,23,medium,211345
syn-006532,19,low,52010
syn-006533,9,low,165872
syn-006534,19,low,120061
syn-006535,8,high,143304
syn-006536,8,medium,51064
syn-006537,13,medium,174484
syn-006538,1,medium,174664
syn-006539,21,medium,207230
syn-006540,2,low,249589
syn-006541,12,low,240462
syn-006542,18,low,131433
syn-006543,0,low,121594
syn-006544,7,low,199676
syn-006545,4,low,120540
syn-006546,3,medium,135800
syn-006547,16,low,102358
syn-006548,16,medium,67714
syn-006549,9,medium,157958
syn-006550,6,medium,248879
syn-006551,19,high,59836
syn-006552,15,low,197914
syn-006553,12,medium,74844
syn-006554,0,low,67776
syn-006555,0,high,102217
syn-006556,0,low,69346
syn-006557,8,low,160562
syn-006558,14,low,150155
syn-006559,8,low,68482
syn-006560,6,high,222644
syn-006561,7,medium,75864
syn-006562,15,medium,120613
syn-006563,8,medium,150272
syn-006564,14,low,120618
syn-006565,6,medium,50596
syn-006566,13,low,155652
syn-006567,11,medium,234974
syn-006568,23,medium,67306
syn-006569,1,high,96242
syn-006570,2,low,51682
syn-006571,5,high,97848
syn-006572,13,low,200555
syn-006573,10,low,133645
syn-006574,4,low,163316
syn-006575,21,medium,93577
syn-006576,4,low,208578
syn-006577,12,low,196598
syn-006578,13,low,225963
syn-006579,15,medium,76653
syn-006580,21,low,57182
syn-006581,10,low,196787
syn-006582,12,high,207113
syn-006583,6,low,235967
syn-006584,21,medium,139939
syn-006585,0,low,201345
syn-006586,14,low,66702
syn-006587,19,low,125058
syn-006588,18,high,173251
syn-006589,23,medium,219895
syn-006590,3,low,180667
syn-006591,8,medium,195090
syn-006592,1,medium,127231
syn-006593,5,medium,68664
syn-006594,14,medium,122186
syn-006595,5,low,148999
syn-006596,12,low,230650
syn-006597,4,low,235342
syn-006598,20,high,88497
syn-006599,7,high,127482
syn-006600,13,medium,224273
syn-006601,9,low,190792
syn-006602,14,high,164665
syn-006603,12,low,84112
syn-006604,14,high,223183
syn-006605,12,medium,175513
syn-006606,23,high,109580
syn-006607,13,medium,131861
syn-006608,9,low,190284
syn-006609,9,low,81134
syn-006610,0,low,199780
syn-006611,12,high,71703
syn-006612,4,low,82432
syn-006613,10,high,140691
syn-006614,12,medium,122452
syn-006615,14,medium,128972
syn-006616,4,medium,62001
syn-006617,1,low,87711
syn-006618,23,low,176671
syn-006619,7,low,189090
syn-006620,1,medium,78203
syn-006621,0,low,234599
syn-006622,20,medium,95902
syn-006623,23,low,92908
syn-006624,17,high,51461
syn-006625,16,medium,52024
syn-006626,15,low,158464
syn-006627,13,medium,96829
syn-006628,11,high,151369
syn-006629,16,low,240236
syn-006630,18,medium,81563
syn-006631,8,medium,55421
syn-006632,15,high,193528
syn-006633,8,low,69903
syn-006634,14,high,249251
syn-006635,8,high,121821
syn-006636,18,high,129029
syn-006637,15,low,194078
syn-006638,12,low,51381
syn-006639,18,low,210707
syn-006640,22,medium,216510
syn-006641,20,high,101435
syn-006642,11,low,159503
syn-006643,2,high,202431
syn-006644,6,low,223367
syn-006645,14,low,113369
syn-006646,6,low,222783
syn-006647,13,medium,88734
syn-006648,22,medium,101356
syn-006649,8,low,75471
syn-006650,23,low,230664
syn-006651,5,medium,96672
syn-006652,4,medium,115491
syn-006653,14,low,103644
syn-006654,1,low,149473
syn-006655,4,high,112458
syn-006656,18,low,170006
syn-006657,4,high,97137
syn-006658,2,medium,224891
syn-006659,7,low,119610
syn-006660,9,low,50610
syn-006661,23,high,160492
syn-006662,15,high,56031
syn-006663,16,low,214875
syn-006664,22,high,107390
syn-006665,7,medium,125845
syn-006666,17,medium,195217
syn-006667,11,low,221487
syn-006668,18,low,223190
syn-006669,3,low,95613
syn-006670,2,high,177693
syn-006671,11,medium,170793
syn-006672,21,medium,244227
syn-006673,5,medium,76112
syn-006674,14,medium,155887
syn-006675,3,low,102533
syn-006676,20,low,176966
syn-006677,23,medium,191800
syn-006678,16,low,70314
syn-006679,13,high,149578
syn-006680,19,medium,208370
syn-006681,19,low,150599
syn-006682,6,medium,232318
syn-006683,13,high,134248
syn-006684,23,low,118393
syn-006685,2,medium,242204
syn-006686,11,low,124938
syn-006687,20,low,66191
syn-006688,12,medium,115324
syn-006689,15,medium,86794
syn-006690,12,medium,240018
syn-006691,7,low,164255
syn-006692,19,medium,183839
syn-006693,12,low,216110
syn-006694,19,medium,187944
syn-006695,14,high,100256
syn-006696,15,medium,239845
syn-006697,19,high,211120
syn-006698,1,medium,163815
syn-006699,22,medium,216436
syn-006700,13,high,163570
syn-006701,17,low,50615
syn-006702,20,medium,147288
syn-006703,5,low,128486
syn-006704,4,low,99274
syn-006705,15,high,157882
syn-006706,5,medium,171848
syn-006707,22,medium,196865
syn-006708,2,high,139500
syn-006709,20,low,103722
syn-006710,5,medium,161211
syn-006711,15,high,154911
syn-006712,12,high,172703
syn-006713,4,medium,182488
syn-006714,21,low,71420
syn-006715,0,medium,227300
syn-006716,10,low,73111
syn-006717,23,medium,77098
syn-006718,10,medium,102977
syn-006719,11,low,165349
syn-006720,8,low,184067
syn-006721,12,low,81864
syn-006722,15,low,63668
syn-006723,11,low,73223
syn-006724,1,medium,203357
syn-006725,2,high,88084
syn-006726,11,low,176284
syn-006727,8,low,72710
syn-006728,0,medium,246341
syn-006729,8,low,107759
syn-006730,10,medium,126796
syn-006731,9,low,145498
syn-006732,7,low,160708
syn-006733,16,low,226652
syn-006734,19,high,173722
syn-006735,13,low,177835
syn-006736,2,low,66206
syn-006737,17,low,203698
syn-006738,8,medium,186964
syn-006739,1,high,115645
syn-006740,4,low,56969
syn-006741,18,low,56590
syn-006742,11,low,232816
syn-006743,22,low,246949
syn-006744,19,medium,147351
syn-006745,11,high,174779
syn-006746,6,low,104141
syn-006747,16,low,177602
syn-006748,14,high,145853
syn-006749,6,high,118000
syn-006750,7,low,164778
syn-006751,10,medium,249518
syn-006752,15,high,102654
syn-006753,13,medium,195849
syn-006754,18,medium,77079
syn-006755,21,medium,84663
syn-006756,23,low,167248
syn-006757,5,medium,61229
syn-006758,20,low,98635
syn-006759,10,low,235600
syn-006760,11,high,242248
syn-006761,10,medium,243218
syn-006762,2,low,177732
syn-006763,5,medium,83501
syn-006764,15,low,126908
syn-006765,9,low,232089
syn-006766,14,low,227730
syn-006767,6,low,216905
syn-006768,7,medium,239606
syn-006769,19,medium,59286
syn-006770,23,low,53671
syn-006771,5,medium,91911
syn-006772,23,low,139988
syn-006773,11,low,153469
syn-006774,21,low,183905
syn-006775,20,high,179050
syn-006776,8,high,130437
syn-006777,18,low,106827
syn-006778,23,medium,76247
syn-006779,17,high,155781
syn-006780,10,medium,80620
syn-006781,22,medium,139886
syn-006782,18,low,231420
syn-006783,20,low,51937
syn-006784,20,low,65682
syn-006785,17,medium,207716
syn-006786,16,low,64723
syn-006787,9,low,108675
syn-006788,1,high,234291
syn-006789,3,low,62154
syn-006790,8,low,69347
syn-006791,14,low,122233
syn-006792,6,low,151116
syn-006793,5,low,62175
syn-006794,14,high,86785
syn-006795,5,medium,209227
syn-006796,1,medium,145973
syn-006797,13,low,177164
syn-006798,9,high,156371
syn-006799,19,low,160445
syn-006800,14,medium,235539
syn-006801,15,medium,209739
syn-006802,4,low,113673
syn-006803,9,low,81444
syn-006804,1,high,106492
syn-006805,11,medium,243896
syn-006806,15,medium,85525
syn-006807,17,high,243060
syn-006808,23,low,157652
syn-006809,22,high,223052
syn-006810,15,medium,180979
syn-006811,13,low,196979
syn-006812,20,high,227465
syn-006813,17,high,199914
syn-006814,18,medium,117552
syn-006815,13,low,174541
syn-006816,6,low,130403
syn-006817,14,low,181356
syn-006818,19,high,55304
syn-006819,5,medium,93902
syn-006820,22,medium,230032
syn-006821,15,medium,92769
syn-006822,22,medium,108380
syn-006823,6,medium,226115
syn-006824,4,medium,244467
syn-006825,9,medium,156249
syn-006826,16,medium,60097
syn-006827,22,low,81333
syn-006828,1,high,55897
syn-006829,19,medium,173805
syn-006830,8,low,139992
syn-006831,16,medium,51038
syn-006832,14,high,165483
syn-006833,23,low,231331
syn-006834,3,medium,151922
syn-006835,21,medium,162234
syn-006836,23,low,168546
syn-006837,23,low,193415
syn-006838,1,medium,205217
syn-006839,13,low,220499
syn-006840,19,high,116312
syn-006841,1,low,176828
syn-006842,13,high,206531
syn-006843,5,medium,111839
syn-006844,15,medium,117490
syn-006845,16,medium,119824
syn-006846,23,low,208545
syn-006847,3,high,58908
syn-006848,14,medium,235333
syn-006849,19,low,207250
syn-006850,6,medium,211093
syn-006851,9,high,95077
syn-006852,7,low,182054
syn-006853,13,low,149719
syn-006854,6,low,73306
syn-006855,4,medium,106071
syn-006856,23,low,249173
syn-006857,14,high,239464
syn-006858,3,medium,68252
syn-006859,10,low,205520
syn-006860,1,medium,159343
syn-006861,7,low,188050
syn-006862,5,low,145355
syn-006863,14,low,89274
syn-006864,16,low,243407
syn-006865,0,low,63173
syn-006866,23,low,112811
syn-006867,0,medium,63939
syn-006868,6,low,201629
syn-006869,11,low,161671
syn-006870,13,high,130359
syn-006871,6,high,104305
syn-006872,5,low,241347
syn-006873,15,medium,54211
syn-006874,12,low,164871
syn-006875,2,medium,56779
syn-006876,18,medium,204381
syn-006877,14,medium,53932
syn-006878,15,low,167899
syn-006879,6,low,204961
syn-006880,14,medium,169249
syn-006881,5,low,159568
syn-006882,23,high,232898
syn-006883,8,high,240900
syn-006884,0,medium,145288
syn-006885,20,medium,88689
syn-006886,17,low,191355
syn-006887,22,medium,171539
syn-006888,1,low,107241
syn-006889,16,low,114081
syn-006890,18,low,121517
syn-006891,4,high,99399
syn-006892,7,low,204853
syn-006893,9,low,208911
syn-006894,23,low,59568
syn-006895,20,high,219256
syn-006896,22,low,127654
syn-006897,22,low,118365
syn-006898,19,low,186827
syn-006899,16,high,52861
syn-006900,21,high,223490
syn-006901,10,medium,92175
syn-006902,2,low,160976
syn-006903,0,low,98021
syn-006904,12,medium,168331
syn-006905,22,high,171915
syn-006906,8,high,73194
syn-006907,1,medium,197046
syn-006908,10,high,165011
syn-006909,8,high,109820
syn-006910,16,medium,63701
syn-006911,8,high,58839
syn-006912,14,medium,51553
syn-006913,5,medium,114127
syn-006914,5,low,97980
syn-006915,8,low,134125
syn-006916,4,low,103377
syn-006917,4,low,51495
syn-006918,1,low,121879
syn-006919,21,medium,83903
syn-006920,23,medium,210741
syn-006921,11,low,136156
syn-006922,7,medium,113675
syn-006923,3,low,97130
syn-006924,22,low,72068
syn-006925,23,low,55687
syn-006926,18,low,204476
syn-006927,0,medium,70515
syn-006928,23,low,180971
syn-006929,15,high,176242
syn-006930,2,low,155171
syn-006931,5,low,245076
syn-006932,5,low,59566
syn-006933,16,low,217662
syn-006934,10,low,232905
syn-006935,18,high,211477
syn-006936,1,medium,119954
syn-006937,12,low,146983
syn-006938,20,low,213923
syn-006939,21,medium,172897
syn-006940,23,high,174558
syn-006941,1,low,66177
syn-006942,16,medium,242543
syn-006943,20,low,103648
syn-006944,5,medium,127136
syn-006945,16,low,53404
syn-006946,3,low,149857
syn-006947,13,high,130449
syn-006948,6,low,226764
syn-006949,9,high,226696
syn-006950,11,high,68048
syn-006951,4,medium,196558
syn-006952,20,low,87250
syn-006953,7,medium,182739
syn-006954,7,low,190822
syn-006955,6,medium,118766
syn-006956,7,low,208544
syn-006957,20,low,158947
syn-006958,0,low,193913
syn-006959,6,medium,81342
syn-006960,12,medium,114874
syn-006961,5,low,60362
syn-006962,10,medium,246813
syn-006963,14,high,193002
syn-006964,10,medium,128475
syn-006965,17,low,220162
syn-006966,6,medium,249857
syn-006967,0,low,69313
syn-006968,3,medium,194694
syn-006969,10,medium,167815
syn-006970,20,medium,169286
syn-006971,5,medium,91886
syn-006972,19,medium,237398
syn-006973,18,low,209627
syn-006974,5,low,234413
syn-006975,13,medium,191194
syn-006976,10,low,93450
syn-006977,22,high,157445
syn-006978,20,high,231672
syn-006979,21,low,225159
syn-006980,19,low,88158
syn-006981,18,medium,217349
syn-006982,15,high,133879
syn-006983,23,medium,96764
syn-006984,18,low,229122
syn-006985,20,low,158250
syn-006986,20,medium,132293
syn-006987,16,high,50462
syn-006988,17,medium,130889
syn-006989,10,high,203638
syn-006990,17,high,248789
syn-006991,18,medium,71778
syn-006992,13,high,194437
syn-006993,13,low,166588
syn-006994,0,low,208342
syn-006995,12,low,236944
syn-006996,17,low,161188
syn-006997,8,medium,123812
syn-006998,22,high,205520
syn-006999,13,low,57784
syn-007000,17,medium,106393
syn-007001,18,high,239698
syn-007002,4,medium,168653
syn-007003,13,low,52897
syn-007004,19,low,165852
syn-007005,16,medium,209845
syn-007006,23,low,68560
syn-007007,18,medium,117207
syn-007008,4,medium,167811
syn-007009,19,high,71095
syn-007010,8,medium,219980
syn-007011,7,low,104970
syn-007012,21,low,76528
syn-007013,8,medium,157670
syn-007014,20,low,209555
syn-007015,4,medium,108236
syn-007016,17,low,191534
syn-007017,22,low,223042
syn-007018,1,low,248486
syn-007019,4,medium,193933
syn-007020,17,medium,235892
syn-007021,21,low,159171
syn-007022,1,medium,223532
syn-007023,7,high,94662
syn-007024,1,high,59340
syn-007025,1,low,113199
syn-007026,10,low,179834
syn-007027,16,low,223791
syn-007028,2,low,110514
syn-007029,12,low,113009
syn-007030,13,medium,212121
syn-007031,2,low,83735
syn-007032,14,low,99920
syn-007033,19,low,81811
syn-007034,7,low,193845
syn-007035,8,high,218212
syn-007036,17,low,62684
syn-007037,17,high,247926
syn-007038,2,medium,105223
syn-007039,11,medium,133447
syn-007040,14,high,78459
syn-007041,10,medium,50125
syn-007042,6,medium,186183
syn-007043,12,medium,119572
syn-007044,15,high,152340
syn-007045,17,low,85878
syn-007046,10,low,67092
syn-007047,14,medium,113522
syn-007048,17,low,146340
syn-007049,9,low,79102
syn-007050,2,low,107654
syn-007051,17,low,61847
syn-007052,19,high,79113
syn-007053,6,high,206675
syn-007054,22,medium,214748
syn-007055,2,medium,224568
syn-007056,4,low,161272
syn-007057,22,low,85151
syn-007058,21,low,66598
syn-007059,14,medium,212956
syn-007060,12,high,123808
syn-007061,4,low,128770
syn-007062,3,low,169980
syn-007063,13,high,114873
syn-007064,23,medium,224544
syn-007065,1,high,220273
syn-007066,23,low,211158
syn-007067,22,low,128967
syn-007068,23,medium,85939
syn-007069,1,low,120473
syn-007070,12,low,232221
syn-007071,16,high,98842
syn-007072,16,low,109827
syn-007073,2,low,145893
syn-007074,1,high,186906
syn-007075,20,high,218796
syn-007076,13,low,215424
syn-007077,20,high,109838
syn-007078,19,high,174930
syn-007079,9,medium,213652
syn-007080,10,medium,225597
syn-007081,12,low,245401
syn-007082,22,low,109106
syn-007083,7,medium,164025
syn-007084,14,low,160280
syn-007085,15,high,168972
syn-007086,4,medium,160236
syn-007087,4,low,200540
syn-007088,13,low,166278
syn-007089,20,medium,51568
syn-007090,7,medium,182484
syn-007091,10,low,242556
syn-007092,6,high,232541
syn-007093,0,low,170822
syn-007094,3,low,187595
syn-007095,22,medium,196344
syn-007096,4,low,81477
syn-007097,21,medium,112339
syn-007098,9,low,245736
syn-007099,7,low,147602
syn-007100,13,medium,137766
syn-007101,21,low,230529
syn-007102,16,low,52872
syn-007103,14,medium,165981
syn-007104,17,low,207734
syn-007105,1,low,134906
syn-007106,20,medium,75360
syn-007107,15,low,114781
syn-007108,14,low,72442
syn-007109,20,low,95575
syn-007110,20,high,184584
syn-007111,11,low,184884
syn-007112,11,low,135963
syn-007113,16,high,133920
syn-007114,11,low,79447
syn-007115,22,high,188729
syn-007116,21,low,151059
syn-007117,0,low,149253
syn-007118,9,medium,108968
syn-007119,20,low,73140
syn-007120,12,medium,119426
syn-007121,21,high,154692
syn-007122,10,medium,207272
syn-007123,6,high,225336
syn-007124,16,low,241107
syn-007125,7,high,144465
syn-007126,18,low,58159
syn-007127,16,low,176612
syn-007128,23,medium,119806
syn-007129,15,medium,133785
syn-007130,2,high,135750
syn-007131,19,low,179781
syn-007132,16,high,198331
syn-007133,3,low,218283
syn-007134,7,low,170904
syn-007135,19,medium,217195
syn-007136,8,low,89919
syn-007137,17,high,84509
syn-007138,15,medium,77935
syn-007139,16,high,64716
syn-007140,2,low,180040
syn-007141,1,low,113891
syn-007142,19,medium,214869
syn-007143,23,medium,193786
syn-007144,11,medium,67917
syn-007145,17,medium,131106
syn-007146,14,low,118240
syn-007147,7,low,243527
syn-007148,22,medium,235739
syn-007149,8,low,82538
syn-007150,19,medium,71707
syn-007151,17,low,193853
syn-007152,11,low,136385
syn-007153,9,low,71951
syn-007154,6,high,58230
syn-007155,10,low,148890
syn-007156,21,high,163111
syn-007157,8,high,138738
syn-007158,20,low,138885
syn-007159,5,medium,101418
syn-007160,5,medium,173609
syn-007161,22,medium,87083
syn-007162,8,high,243570
syn-007163,20,medium,179041
syn-007164,22,low,184536
syn-007165,4,low,149820
syn-007166,1,low,203468
syn-007167,11,medium,203968
syn-007168,18,high,149018
syn-007169,18,low,150114
syn-007170,5,low,178052
syn-007171,0,high,126110
syn-007172,4,low,171427
syn-007173,6,high,86271
syn-007174,17,medium,149985
syn-007175,19,medium,72138
syn-007176,23,medium,239447
syn-007177,0,low,218095
syn-007178,10,low,218645
syn-007179,10,high,107998
syn-007180,9,low,190054
syn-007181,5,low,226875
syn-007182,3,low,53883
syn-007183,21,low,230728
syn-007184,10,medium,179328
syn-007185,16,high,239798
syn-007186,14,low,107831
syn-007187,0,high,225139
syn-007188,8,low,71290
syn-007189,20,high,133135
syn-007190,11,high,63731
syn-007191,2,low,151611
syn-007192,17,high,193165
syn-007193,16,medium,157696
syn-007194,17,low,157282
syn-007195,16,low,192659
syn-007196,15,low,66835
syn-007197,13,high,211707
syn-007198,11,high,150261
syn-007199,17,medium,141002
syn-007200,23,low,181433
syn-007201,10,high,68333
syn-007202,11,low,166274
syn-007203,12,medium,241592
syn-007204,16,low,53401
syn-007205,1,low,207627
syn-007206,10,medium,197812
syn-007207,7,low,59684
syn-007208,21,medium,149945
syn-007209,8,high,136306
syn-007210,0,medium,170145
syn-007211,18,medium,93256
syn-007212,12,low,154178
syn-007213,18,low,86642
syn-007214,9,high,83340
syn-007215,11,medium,166628
syn-007216,4,medium,167268
syn-007217,14,medium,217592
syn-007218,22,medium,104811
syn-007219,23,low,144524
syn-007220,1,low,115386
syn-007221,15,high,136754
syn-007222,14,low,81421
syn-007223,17,medium,238234
syn-007224,1,high,157403
syn-007225,7,medium,141518
syn-007226,5,medium,51203
syn-007227,13,medium,130049
syn-007228,20,medium,139489
syn-007229,1,low,93168
syn-007230,3,low,115222
syn-007231,15,low,161759
syn-007232,16,low,226107
syn-007233,1,high,186828
syn-007234,8,medium,130812
syn-007235,6,low,217161
syn-007236,8,medium,213275
syn-007237,16,low,72341
syn-007238,20,low,239703
syn-007239,17,low,200994
syn-007240,1,low,161814
syn-007241,9,high,73368
syn-007242,19,low,154748
syn-007243,12,medium,83813
syn-007244,22,high,202523
syn-007245,9,low,247413
syn-007246,20,medium,188414
syn-007247,12,low,75764
syn-007248,15,medium,63497
syn-007249,6,medium,129100
syn-007250,20,medium,143702
syn-007251,15,low,102230
syn-007252,23,low,183695
syn-007253,9,high,230109
syn-007254,16,medium,133079
syn-007255,14,medium,70631
syn-007256,10,low,110691
syn-007257,22,high,131352
syn-007258,17,low,145400
syn-007259,23,medium,110182
syn-007260,10,low,182893
syn-007261,0,low,105245
syn-007262,15,low,164515
syn-007263,19,high,138368
syn-007264,19,low,158790
syn-007265,1,low,151553
syn-007266,6,low,119558
syn-007267,12,medium,143315
syn-007268,6,medium,62057
syn-007269,2,high,245932
syn-007270,13,medium,200770
syn-007271,4,high,66705
syn-007272,11,low,193669
syn-007273,6,medium,88051
syn-007274,2,high,74781
syn-007275,19,low,104258
syn-007276,0,medium,231889
syn-007277,17,high,190318
syn-007278,22,medium,147157
syn-007279,0,low,110600
syn-007280,1,low,140063
syn-007281,12,high,166217
syn-007282,8,medium,89736
syn-007283,5,low,69014
syn-007284,22,low,91775
syn-007285,21,low,235283
syn-007286,2,medium,115254
syn-007287,20,low,69397
syn-007288,13,high,248095
syn-007289,15,low,58314
syn-007290,22,low,100779
syn-007291,13,medium,191346
syn-007292,7,medium,159891
syn-007293,13,high,142277
syn-007294,18,low,90782
syn-007295,10,high,75302
syn-007296,4,high,189422
syn-007297,11,medium,132911
syn-007298,19,low,241240
syn-007299,20,high,69135
syn-007300,5,medium,125413
syn-007301,14,low,137340
syn-007302,8,medium,129838
syn-007303,21,low,104929
syn-007304,12,low,193958
syn-007305,2,medium,185637
syn-007306,21,low,181478
syn-007307,15,low,89229
syn-007308,15,low,218384
syn-007309,11,high,140678
syn-007310,12,medium,136495
syn-007311,21,medium,211864
syn-007312,15,medium,73295
syn-007313,17,high,153852
syn-007314,7,medium,85086
syn-007315,22,medium,241330
syn-007316,21,low,193040
syn-007317,3,medium,67338
syn-007318,7,low,108333
syn-007319,9,low,210715
syn-007320,12,low,87772
syn-007321,4,medium,157354
syn-007322,20,medium,153513
syn-007323,4,high,202139
syn-007324,1,low,52819
syn-007325,21,low,109807
syn-007326,21,medium,102415
syn-007327,21,low,121266
syn-007328,2,low,85287
syn-007329,16,high,211245
syn-007330,11,medium,212919
syn-007331,12,medium,51144
syn-007332,22,high,161099
syn-007333,13,medium,54159
syn-007334,16,low,86408
syn-007335,2,medium,114175
syn-007336,7,medium,89219
syn-007337,14,high,60721
syn-007338,0,low,152099
syn-007339,23,medium,83385
syn-007340,0,low,93249
syn-007341,5,medium,68916
syn-007342,12,low,239049
syn-007343,6,high,153128
syn-007344,6,low,161291
syn-007345,8,medium,203430
syn-007346,0,medium,105231
syn-007347,3,low,202829
syn-007348,8,low,213098
syn-007349,3,medium,84838
syn-007350,13,medium,207021
syn-007351,11,low,147129
syn-007352,23,low,220593
syn-007353,16,medium,104353
syn-007354,22,high,97610
syn-007355,9,low,70588
syn-007356,23,medium,94659
syn-007357,23,low,115616
syn-007358,17,low,79981
syn-007359,10,high,189774
syn-007360,8,high,244177
syn-007361,6,high,71769
syn-007362,7,medium,50746
syn-007363,23,low,91123
syn-007364,8,low,152923
syn-007365,11,low,90958
syn-007366,12,medium,201219
syn-007367,2,high,71060
syn-007368,5,medium,143729
syn-007369,14,high,175233
syn-007370,16,high,199378
syn-007371,18,high,212244
syn-007372,20,low,233737
syn-007373,6,low,220036
syn-007374,21,low,108839
syn-007375,18,medium,203457
syn-007376,1,low,199290
syn-007377,1,medium,171739
syn-007378,15,low,244415
syn-007379,14,low,88787
syn-007380,2,medium,245914
syn-007381,9,low,237397
syn-007382,6,medium,245341
syn-007383,23,low,59636
syn-007384,14,high,222039
syn-007385,15,medium,200527
syn-007386,2,low,123131
syn-007387,21,low,177306
syn-007388,17,low,128465
syn-007389,16,high,238402
syn-007390,0,medium,190461
syn-007391,4,low,71158
syn-007392,16,high,126557
syn-007393,23,high,116905
syn-007394,1,low,207910
syn-007395,14,medium,180178
syn-007396,18,low,110555
syn-007397,14,high,116790
syn-007398,1,high,65466
syn-007399,0,high,179528
syn-007400,8,high,95629
syn-007401,11,medium,200324
syn-007402,7,medium,151054
syn-007403,16,low,217282
syn-007404,8,medium,221323
syn-007405,5,low,121763
syn-007406,17,low,185165
syn-007407,9,low,58509
syn-007408,4,medium,82261
syn-007409,18,medium,96467
syn-007410,23,medium,140827
syn-007411,18,low,92244
syn-007412,17,low,167014
syn-007413,23,medium,178053
syn-007414,7,medium,81934
syn-007415,19,medium,86132
syn-007416,16,medium,122347
syn-007417,12,low,50016
syn-007418,5,medium,189517
syn-007419,8,high,76975
syn-007420,3,low,83559
syn-007421,20,low,235248
syn-007422,18,low,182966
syn-007423,5,low,69644
syn-007424,14,high,239204
syn-007425,14,medium,88887
syn-007426,15,medium,154929
syn-007427,14,low,117612
syn-007428,9,low,95922
syn-007429,0,low,196509
syn-007430,14,medium,132316
syn-007431,2,low,61928
syn-007432,14,high,244360
syn-007433,16,low,152764
syn-007434,7,medium,191600
syn-007435,20,medium,184218
syn-007436,8,low,89520
syn-007437,12,low,102653
syn-007438,10,low,169576
syn-007439,6,medium,61525
syn-007440,10,medium,140872
syn-007441,17,low,151728
syn-007442,13,low,189541
syn-007443,14,low,112707
syn-007444,21,high,240585
syn-007445,19,medium,89755
syn-007446,9,medium,248217
syn-007447,21,medium,228079
syn-007448,14,low,239502
syn-007449,2,low,144103
syn-007450,7,medium,224896
syn-007451,23,medium,249986
syn-007452,3,low,56501
syn-007453,5,low,131371
syn-007454,23,high,162915
syn-007455,0,low,181529
syn-007456,10,high,87057
syn-007457,15,high,64745
syn-007458,10,low,237735
syn-007459,9,medium,125232
syn-007460,8,low,81215
syn-007461,0,low,238219
syn-007462,4,medium,133882
syn-007463,8,low,205982
syn-007464,6,low,237672
syn-007465,8,high,84408
syn-007466,9,high,79094
syn-007467,19,low,161011
syn-007468,19,low,167003
syn-007469,7,medium,249490
syn-007470,15,high,123335
syn-007471,2,low,93885
syn-007472,7,low,241247
syn-007473,21,low,89468
syn-007474,3,medium,102593
syn-007475,2,high,181397
syn-007476,7,low,67564
syn-007477,5,high,205727
syn-007478,5,high,177806
syn-007479,23,medium,101225
syn-007480,6,low,62316
syn-007481,11,low,105782
syn-007482,16,medium,143902
syn-007483,13,low,113454
syn-007484,23,medium,149531
syn-007485,15,low,106472
syn-007486,7,medium,112248
syn-007487,20,low,216058
syn-007488,1,medium,144872
syn-007489,4,low,119705
syn-007490,3,low,87873
syn-007491,16,high,173168
syn-007492,0,low,200821
syn-007493,8,low,86737
syn-007494,15,medium,84727
syn-007495,9,medium,229566
syn-007496,20,medium,228905
syn-007497,21,medium,203742
syn-007498,9,medium,76067
syn-007499,4,low,154876
syn-007500,14,low,57133
syn-007501,15,high,66877
syn-007502,20,low,197822
syn-007503,16,medium,208204
syn-007504,12,medium,156853
syn-007505,5,low,83960
syn-007506,2,medium,139840
syn-007507,12,medium,199928
syn-007508,21,medium,200822
syn-007509,4,medium,63309
syn-007510,18,low,100519
syn-007511,4,high,151410
syn-007512,4,medium,168432
syn-007513,22,medium,117636
syn-007514,11,medium,218375
syn-007515,10,low,168516
syn-007516,9,medium,249142
syn-007517,16,low,224490
syn-007518,13,low,100004
syn-007519,11,medium,132123
syn-007520,19,high,137777
syn-007521,13,medium,157933
syn-007522,23,medium,215790
syn-007523,16,medium,153638
syn-007524,20,medium,89195
syn-007525,23,low,104803
syn-007526,17,medium,103507
syn-007527,11,low,204673
syn-007528,6,medium,83530
syn-007529,11,high,187630
syn-007530,18,low,100563
syn-007531,18,low,129593
syn-007532,4,low,100970
syn-007533,3,low,108522
syn-007534,0,medium,106156
syn-007535,17,high,83034
syn-007536,21,low,66891
syn-007537,11,high,219368
syn-007538,20,medium,233944
syn-007539,21,low,147890
syn-007540,3,low,234310
syn-007541,2,low,245123
syn-007542,23,medium,201451
syn-007543,15,low,146061
syn-007544,9,low,158828
syn-007545,2,medium,158697
syn-007546,2,low,155754
syn-007547,6,low,137342
syn-007548,20,low,145469
syn-007549,19,medium,249545
syn-007550,5,low,153295
syn-007551,16,high,77963
syn-007552,18,low,248272
syn-007553,13,low,134283
syn-007554,5,low,200042
syn-007555,7,high,54731
syn-007556,21,medium,237920
syn-007557,18,low,156668
syn-007558,17,medium,159364
syn-007559,9,medium,210924
syn-007560,4,low,72046
syn-007561,7,medium,58141
syn-007562,9,medium,69547
syn-007563,9,medium,196844
syn-007564,4,medium,60290
syn-007565,13,low,72571
syn-007566,0,low,87931
syn-007567,21,medium,65417
syn-007568,6,low,240613
syn-007569,11,medium,72745
syn-007570,11,low,236967
syn-007571,19,low,74839
syn-007572,19,low,215213
syn-007573,8,medium,96406
syn-007574,20,low,115660
syn-007575,15,high,161458
syn-007576,14,low,62205
syn-007577,3,medium,106428
syn-007578,21,high,164530
syn-007579,8,medium,199694
syn-007580,9,medium,139962
syn-007581,13,high,63367
syn-007582,13,medium,224927
syn-007583,23,medium,123051
syn-007584,16,high,78657
syn-007585,19,low,103766
syn-007586,8,medium,168492
syn-007587,22,medium,140740
syn-007588,2,medium,193390
syn-007589,6,medium,176438
syn-007590,2,low,124800
syn-007591,10,low,198231
syn-007592,20,medium,99313
syn-007593,2,low,124023
syn-007594,9,high,133981
syn-007595,0,medium,108781
syn-007596,13,low,91214
syn-007597,20,high,157508
syn-007598,2,high,141925
syn-007599,1,high,133295
syn-007600,13,low,173535
syn-007601,0,low,235292
syn-007602,8,low,189531
syn-007603,17,medium,177510
syn-007604,22,medium,90962
syn-007605,22,high,110173
syn-007606,7,medium,51189
syn-007607,13,low,117867
syn-007608,20,low,62501
syn-007609,16,low,106234
syn-007610,9,low,56769
syn-007611,18,medium,103541
syn-007612,17,low,134668
syn-007613,4,medium,197344
syn-007614,23,low,58287
syn-007615,0,low,198642
syn-007616,13,low,200573
syn-007617,5,low,215070
syn-007618,1,low,169574
syn-007619,3,low,178061
syn-007620,15,medium,142099
syn-007621,1,medium,210316
syn-007622,11,low,234954
syn-007623,17,medium,121884
syn-007624,13,medium,91349
syn-007625,13,medium,111296
syn-007626,16,high,123231
syn-007627,10,high,100969
syn-007628,0,low,176667
syn-007629,4,low,155220
syn-007630,7,low,96289
syn-007631,15,low,102685
syn-007632,8,low,150896
syn-007633,0,medium,135317
syn-007634,4,high,90046
syn-007635,0,low,150347
syn-007636,22,medium,111355
syn-007637,16,medium,62051
syn-007638,23,high,59101
syn-007639,1,medium,229396
syn-007640,17,medium,121313
syn-007641,18,low,171797
syn-007642,5,medium,52047
syn-007643,18,medium,207629
syn-007644,23,low,118757
syn-007645,17,medium,233696
syn-007646,0,low,174736
syn-007647,3,medium,151106
syn-007648,4,medium,53344
syn-007649,4,low,154737
syn-007650,15,medium,214473
syn-007651,0,low,73143
syn-007652,18,low,99833
syn-007653,2,low,201759
syn-007654,1,low,229078
syn-007655,8,low,197756
syn-007656,3,low,247249
syn-007657,16,medium,104583
syn-007658,5,medium,51862
syn-007659,0,low,139793
syn-007660,9,medium,235562
syn-007661,20,medium,84369
syn-007662,4,low,145018
syn-007663,1,medium,240312
syn-007664,13,medium,207198
syn-007665,5,medium,69672
syn-007666,13,low,155696
syn-007667,23,high,140893
syn-007668,10,medium,146247
syn-007669,16,medium,139084
syn-007670,13,high,106611
syn-007671,10,low,190391
syn-007672,3,low,207463
syn-007673,19,medium,237776
syn-007674,14,medium,151401
syn-007675,23,high,181706
syn-007676,13,low,225139
syn-007677,20,medium,212334
syn-007678,1,low,222926
syn-007679,23,medium,50656
syn-007680,3,medium,53964
syn-007681,9,medium,104308
syn-007682,13,medium,199576
syn-007683,0,low,248027
syn-007684,17,high,57619
syn-007685,8,high,50929
syn-007686,4,low,104408
syn-007687,17,high,112749
syn-007688,23,low,140276
syn-007689,14,medium,119896
syn-007690,20,low,134355
syn-007691,0,medium,157221
syn-007692,16,low,142582
syn-007693,6,low,121510
syn-007694,2,low,119042
syn-007695,12,low,81599
syn-007696,17,low,203200
syn-007697,8,medium,109532
syn-007698,9,medium,203936
syn-007699,20,high,144084
syn-007700,15,low,56229
syn-007701,3,low,113829
syn-007702,11,medium,167060
syn-007703,3,low,189068
syn-007704,21,low,190762
syn-007705,9,low,192010
syn-007706,18,low,111431
syn-007707,21,low,98382
syn-007708,16,low,200676
syn-007709,14,medium,230142
syn-007710,9,low,120755
syn-007711,18,medium,225730
syn-007712,3,high,233183
syn-007713,7,high,73649
syn-007714,19,low,209822
syn-007715,7,medium,175657
syn-007716,7,medium,240390
syn-007717,18,high,53188
syn-007718,4,low,174081
syn-007719,23,medium,134291
syn-007720,17,high,191829
syn-007721,3,low,61509
syn-007722,11,high,128385
syn-007723,6,high,56264
syn-007724,7,low,184041
syn-007725,9,medium,93724
syn-007726,21,medium,98570
syn-007727,9,low,170180
syn-007728,4,low,150339
syn-007729,12,high,92811
syn-007730,0,low,56997
syn-007731,16,medium,164213
syn-007732,22,medium,162158
syn-007733,23,low,105479
syn-007734,21,low,218427
syn-007735,9,low,123648
syn-007736,16,medium,144084
syn-007737,7,high,218747
syn-007738,5,high,101388
syn-007739,12,low,241824
syn-007740,20,medium,106037
syn-007741,1,medium,115598
syn-007742,4,medium,106584
syn-007743,21,high,122579
syn-007744,10,low,140526
syn-007745,23,low,209287
syn-007746,20,medium,81477
syn-007747,8,low,172592
syn-007748,23,low,143265
syn-007749,11,low,194209
syn-007750,12,medium,111803
syn-007751,13,low,83094
syn-007752,1,high,192556
syn-007753,15,high,183061
syn-007754,13,medium,230028
syn-007755,2,medium,159750
syn-007756,21,low,116046
syn-007757,13,high,166899
syn-007758,0,low,88782
syn-007759,16,low,208034
syn-007760,8,low,222792
syn-007761,13,low,54088
syn-007762,5,medium,226313
syn-007763,13,low,176599
syn-007764,22,low,224776
syn-007765,13,low,107177
syn-007766,9,high,99754
syn-007767,7,low,192608
syn-007768,13,high,180105
syn-007769,22,medium,224415
syn-007770,5,low,240280
syn-007771,11,medium,78584
syn-007772,23,medium,231869
syn-007773,10,low,142343
syn-007774,13,high,51698
syn-007775,22,low,204752
syn-007776,9,medium,110884
syn-007777,6,low,108094
syn-007778,3,high,173874
syn-007779,21,high,62253
syn-007780,10,low,103944
syn-007781,22,low,50816
syn-007782,8,high,208624
syn-007783,4,medium,212590
syn-007784,23,low,184988
syn-007785,6,low,219364
syn-007786,14,low,128458
syn-007787,12,medium,183867
syn-007788,1,medium,237773
syn-007789,5,high,97568
syn-007790,8,medium,106565
syn-007791,19,low,133631
syn-007792,23,low,207049
syn-007793,17,low,236920
syn-007794,4,low,195485
syn-007795,22,low,128057
syn-007796,5,medium,143695
syn-007797,21,medium,234692
syn-007798,21,medium,179780
syn-007799,14,high,200028
syn-007800,16,high,52804
syn-007801,2,low,109794
syn-007802,18,medium,118672
syn-007803,9,low,105391
syn-007804,23,low,207515
syn-007805,10,medium,247400
syn-007806,21,low,79918
syn-007807,3,low,145019
syn-007808,14,medium,146630
syn-007809,8,low,137384
syn-007810,13,low,111369
syn-007811,11,low,112621
syn-007812,17,low,117157
syn-007813,1,medium,91518
syn-007814,2,low,98484
syn-007815,23,low,83559
syn-007816,23,low,249714
syn-007817,1,high,196368
syn-007818,19,high,66097
syn-007819,18,high,191913
syn-007820,21,medium,136647
syn-007821,18,high,242180
syn-007822,15,low,144282
syn-007823,16,medium,231115
syn-007824,15,low,84888
syn-007825,13,medium,194323
syn-007826,11,medium,240700
syn-007827,19,medium,66584
syn-007828,22,medium,209876
syn-007829,14,low,234346
syn-007830,5,medium,175024
syn-007831,20,low,72909
syn-007832,2,low,60593
syn-007833,9,medium,190452
syn-007834,11,medium,162252
syn-007835,15,low,228765
syn-007836,8,high,203188
syn-007837,0,medium,113308
syn-007838,7,high,206715
syn-007839,14,medium,130890
syn-007840,22,medium,220863
syn-007841,19,medium,77531
syn-007842,20,high,60278
syn-007843,19,medium,223954
syn-007844,15,medium,127790
syn-007845,15,medium,150253
syn-007846,21,low,84266
syn-007847,4,low,109140
syn-007848,22,medium,162493
syn-007849,13,high,124832
syn-007850,13,low,119704
syn-007851,19,medium,60607
syn-007852,17,low,245683
syn-007853,0,low,249446
syn-007854,6,medium,71716
syn-007855,6,medium,176047
syn-007856,21,low,107785
syn-007857,4,low,168239
syn-007858,17,high,125205
syn-007859,2,medium,170691
syn-007860,23,low,78010
syn-007861,15,medium,231127
syn-007862,17,low,117077
syn-007863,12,medium,108983
syn-007864,12,low,219513
syn-007865,16,medium,246060
syn-007866,20,low,98682
syn-007867,12,low,65249
syn-007868,0,medium,71121
syn-007869,21,high,181248
syn-007870,22,medium,212725
syn-007871,0,medium,138611
syn-007872,11,low,228695
syn-007873,5,high,181656
syn-007874,6,medium,234345
syn-007875,13,high,143499
syn-007876,15,low,146815
syn-007877,3,medium,184548
syn-007878,20,medium,85939
syn-007879,20,low,86164
syn-007880,11,high,121221
syn-007881,23,medium,57448
syn-007882,16,low,124181
syn-007883,13,high,171099
syn-007884,10,low,96112
syn-007885,15,medium,55187
syn-007886,0,high,162090
syn-007887,0,medium,86239
syn-007888,6,low,224390
syn-007889,0,low,81416
syn-007890,20,medium,65906
syn-007891,4,medium,189083
syn-007892,6,low,57585
syn-007893,9,low,128018
syn-007894,7,low,194010
syn-007895,13,medium,164924
syn-007896,18,medium,76341
syn-007897,22,low,151421
syn-007898,16,high,235278
syn-007899,7,medium,204799
syn-007900,9,high,173721
syn-007901,4,medium,170838
syn-007902,3,low,134493
syn-007903,5,medium,99569
syn-007904,6,high,87807
syn-007905,7,medium,200924
syn-007906,11,medium,184006
syn-007907,11,low,96394
syn-007908,14,low,81602
syn-007909,22,low,88545
syn-007910,17,medium,180895
syn-007911,15,high,154020
syn-007912,20,medium,126348
syn-007913,12,medium,127800
syn-007914,9,low,88502
syn-007915,12,low,169610
syn-007916,2,medium,106801
syn-007917,22,medium,133126
syn-007918,22,medium,225767
syn-007919,22,medium,157162
syn-007920,7,medium,129967
syn-007921,10,low,126849
syn-007922,18,low,142193
syn-007923,11,medium,71099
syn-007924,10,medium,104407
syn-007925,3,low,175552
syn-007926,7,low,230528
syn-007927,17,high,93625
syn-007928,6,high,234015
syn-007929,22,low,150348
syn-007930,19,low,218339
syn-007931,15,low,153202
syn-007932,21,medium,51373
syn-007933,4,low,94119
syn-007934,17,low,188640
syn-007935,15,medium,209617
syn-007936,4,medium,192947
syn-007937,5,low,62241
syn-007938,7,medium,160705
syn-007939,5,low,182918
syn-007940,10,low,125695
syn-007941,0,low,85211
syn-007942,0,low,68244
syn-007943,12,medium,53011
syn-007944,1,medium,174887
syn-007945,5,low,168244
syn-007946,8,low,176128
syn-007947,7,low,92806
syn-007948,16,low,85972
syn-007949,11,medium,155094
syn-007950,9,medium,178841
syn-007951,13,low,212228
syn-007952,3,high,119676
syn-007953,20,medium,60470
syn-007954,20,medium,54843
syn-007955,3,high,62559
syn-007956,2,high,229274
syn-007957,22,high,159472
syn-007958,12,medium,97645
syn-007959,11,medium,154696
syn-007960,19,medium,76772
syn-007961,6,medium,165608
syn-007962,11,low,238759
syn-007963,3,low,229319
syn-007964,0,high,150580
syn-007965,6,low,202539
syn-007966,12,low,193626
syn-007967,16,high,162962
syn-007968,18,high,221351
syn-007969,7,low,200784
syn-007970,23,high,237331
syn-007971,10,medium,177892
syn-007972,1,low,52458
syn-007973,20,low,238791
syn-007974,10,low,127478
syn-007975,10,low,149251
syn-007976,17,high,99866
syn-007977,23,high,191127
syn-007978,14,medium,229201
syn-007979,17,low,90830
syn-007980,11,medium,170570
syn-007981,21,low,111669
syn-007982,5,medium,160271
syn-007983,8,high,170679
syn-007984,19,low,137621
syn-007985,15,medium,226407
syn-007986,16,high,239347
syn-007987,23,medium,191461
syn-007988,0,high,196871
syn-007989,16,low,208379
syn-007990,17,low,149156
syn-007991,12,low,59495
syn-007992,9,medium,58713
syn-007993,9,low,120423
syn-007994,7,medium,243594
syn-007995,15,medium,244552
syn-007996,18,medium,246207
syn-007997,11,medium,53454
syn-007998,9,low,163428
syn-007999,15,low,135835
syn-008000,12,medium,182157
syn-008001,16,low,50805
syn-008002,16,medium,233723
syn-008003,12,low,193406
syn-008004,6,high,185697
syn-008005,14,low,204828
syn-008006,6,medium,222259
syn-008007,12,low,63474
syn-008008,18,low,83489
syn-008009,3,medium,103090
syn-008010,9,high,55028
syn-008011,23,low,189764
syn-008012,17,high,230387
syn-008013,19,medium,106916
syn-008014,9,medium,106501
syn-008015,2,low,203106
syn-008016,12,low,146064
syn-008017,22,medium,58438
syn-008018,2,low,95021
syn-008019,22,low,104388
syn-008020,6,low,219756
syn-008021,15,medium,196825
syn-008022,8,low,148403
syn-008023,22,high,137678
syn-008024,12,medium,98489
syn-008025,3,medium,124368
syn-008026,5,medium,200531
syn-008027,3,high,179192
syn-008028,21,low,186307
syn-008029,1,high,186290
syn-008030,3,high,188909
syn-008031,14,high,222574
syn-008032,18,low,138493
syn-008033,11,low,55438
syn-008034,14,high,142979
syn-008035,16,low,156156
syn-008036,21,high,59475
syn-008037,15,low,86501
syn-008038,8,medium,224837
syn-008039,22,high,60775
syn-008040,10,medium,143545
syn-008041,17,medium,204669
syn-008042,13,medium,234011
syn-008043,4,low,80010
syn-008044,10,high,172311
syn-008045,18,low,242236
syn-008046,1,low,95200
syn-008047,20,medium,143096
syn-008048,17,high,198288
syn-008049,13,high,221643
syn-008050,5,high,124705
syn-008051,0,medium,65311
syn-008052,17,low,144025
syn-008053,8,low,195238
syn-008054,5,low,72469
syn-008055,3,low,104541
syn-008056,10,low,151062
syn-008057,1,high,202830
syn-008058,14,medium,229785
syn-008059,20,low,210730
syn-008060,18,low,101623
syn-008061,22,high,165719
syn-008062,9,medium,118407
syn-008063,11,medium,232589
syn-008064,20,low,178793
syn-008065,6,medium,142430
syn-008066,15,low,159726
syn-008067,2,high,117154
syn-008068,17,low,197579
syn-008069,18,medium,133700
syn-008070,9,high,78017
syn-008071,9,medium,174525
syn-008072,1,medium,59844
syn-008073,0,low,71245
syn-008074,11,medium,78552
syn-008075,16,low,158232
syn-008076,19,low,218043
syn-008077,10,low,138295
syn-008078,8,high,160218
syn-008079,19,medium,161414
syn-008080,4,high,193150
syn-008081,21,medium,92921
syn-008082,21,low,225711
syn-008083,10,low,148057
syn-008084,15,medium,174226
syn-008085,17,medium,206199
syn-008086,14,high,226242
syn-008087,3,low,240413
syn-008088,1,medium,196620
syn-008089,11,medium,97792
syn-008090,2,low,238343
syn-008091,18,medium,172105
syn-008092,17,medium,100934
syn-008093,21,medium,140044
syn-008094,5,high,128308
syn-008095,18,low,58941
syn-008096,9,low,243542
syn-008097,0,low,203326
syn-008098,7,high,96711
syn-008099,15,low,103708
syn-008100,15,high,204319
syn-008101,18,low,78644
syn-008102,3,low,144913
syn-008103,7,medium,60389
syn-008104,10,medium,162698
syn-008105,22,medium,200459
syn-008106,20,low,170005
syn-008107,23,low,150717
syn-008108,12,low,153236
syn-008109,17,low,199848
syn-008110,12,medium,151271
syn-008111,7,low,50359
syn-008112,14,high,189990
syn-008113,19,low,57204
syn-008114,7,medium,120207
syn-008115,12,low,132864
syn-008116,6,medium,207437
syn-008117,11,high,172712
syn-008118,7,high,95931
syn-008119,22,medium,105852
syn-008120,6,low,209103
syn-008121,17,low,98699
syn-008122,21,medium,128689
syn-008123,10,low,157828
syn-008124,18,low,79007
syn-008125,19,low,83542
syn-008126,2,medium,163207
syn-008127,8,medium,76931
syn-008128,2,high,125543
syn-008129,22,high,120200
syn-008130,13,medium,131748
syn-008131,5,low,193323
syn-008132,8,medium,198848
syn-008133,21,high,221977
syn-008134,19,low,154113
syn-008135,18,medium,76060
syn-008136,18,low,161377
syn-008137,15,medium,74183
syn-008138,7,medium,195530
syn-008139,16,low,215860
syn-008140,12,low,166897
syn-008141,14,high,158186
syn-008142,23,medium,78133
syn-008143,22,high,185068
syn-008144,16,low,152733
syn-008145,6,medium,245728
syn-008146,0,medium,67779
syn-008147,10,low,61812
syn-008148,3,low,245765
syn-008149,15,low,95856
syn-008150,23,medium,148889
syn-008151,5,low,215609
syn-008152,20,medium,142705
syn-008153,17,high,149935
syn-008154,3,high,99288
syn-008155,10,high,130384
syn-008156,2,low,168048
syn-008157,1,low,143687
syn-008158,16,low,57302
syn-008159,6,low,154720
syn-008160,18,low,198169
syn-008161,5,low,63894
syn-008162,6,medium,110369
syn-008163,13,high,215401
syn-008164,5,medium,217697
syn-008165,12,medium,210297
syn-008166,6,low,127545
syn-008167,14,high,213527
syn-008168,11,high,109776
syn-008169,17,medium,108203
syn-008170,10,medium,135522
syn-008171,7,low,244151
syn-008172,16,medium,92363
syn-008173,10,medium,140721
syn-008174,19,low,240808
syn-008175,13,medium,103098
syn-008176,2,low,153906
syn-008177,9,medium,141991
syn-008178,15,low,54859
syn-008179,9,high,189377
syn-008180,14,low,196332
syn-008181,16,medium,218001
syn-008182,4,low,186298
syn-008183,11,medium,142876
syn-008184,3,low,226811
syn-008185,22,low,167634
syn-008186,6,low,112858
syn-008187,11,medium,227963
syn-008188,13,low,140041
syn-008189,2,medium,219075
syn-008190,3,low,51099
syn-008191,19,high,55641
syn-008192,6,medium,94896
syn-008193,23,medium,134085
syn-008194,12,low,191900
syn-008195,14,medium,173389
syn-008196,11,medium,97229
syn-008197,22,medium,223723
syn-008198,10,medium,207404
syn-008199,8,medium,131395
syn-008200,7,low,246604
syn-008201,11,medium,150007
syn-008202,6,low,183750
syn-008203,1,low,66998
syn-008204,17,low,62198
syn-008205,18,medium,102953
syn-008206,15,low,69512
syn-008207,18,low,123481
syn-008208,3,low,106653
syn-008209,9,low,185375
syn-008210,0,low,202110
syn-008211,12,medium,174664
syn-008212,5,high,112963
syn-008213,20,medium,188516
syn-008214,9,low,91347
syn-008215,20,low,122473
syn-008216,11,medium,112488
syn-008217,14,low,162754
syn-008218,9,low,230862
syn-008219,11,low,170868
syn-008220,17,low,112448
syn-008221,20,high,156204
syn-008222,16,low,127788
syn-008223,23,medium,236895
syn-008224,2,low,210332
syn-008225,7,high,71474
syn-008226,17,medium,113537
syn-008227,11,medium,126072
syn-008228,19,medium,237012
syn-008229,18,medium,164754
syn-008230,2,medium,158045
syn-008231,0,low,105307
syn-008232,21,high,95477
syn-008233,19,high,198975
syn-008234,0,medium,241427
syn-008235,12,high,69785
syn-008236,14,low,224537
syn-008237,21,medium,67510
syn-008238,6,low,195773
syn-008239,1,medium,101070
syn-008240,16,high,58418
syn-008241,3,low,203121
syn-008242,2,medium,173884
syn-008243,23,low,157612
syn-008244,10,low,120662
syn-008245,22,medium,116989
syn-008246,19,high,77088
syn-008247,21,low,186778
syn-008248,10,low,210852
syn-008249,3,medium,116720
syn-008250,20,medium,243755
syn-008251,0,low,118055
syn-008252,7,medium,227735
syn-008253,22,medium,226218
syn-008254,4,high,189687
syn-008255,15,medium,120927
syn-008256,23,low,86221
syn-008257,16,high,197824
syn-008258,4,medium,243387
syn-008259,6,medium,181981
syn-008260,18,high,92018
syn-008261,20,high,60056
syn-008262,21,high,218602
syn-008263,8,low,123798
syn-008264,17,low,205200
syn-008265,1,low,172224
syn-008266,7,medium,200543
syn-008267,14,high,213714
syn-008268,12,low,194991
syn-008269,4,high,73216
syn-008270,13,high,220551
syn-008271,22,low,183473
syn-008272,3,medium,190781
syn-008273,0,low,148956
syn-008274,3,medium,130717
syn-008275,2,low,216210
syn-008276,16,medium,235987
syn-008277,23,low,187661
syn-008278,3,low,63696
syn-008279,21,low,82567
syn-008280,0,low,247122
syn-008281,19,medium,134918
syn-008282,21,low,214119
syn-008283,13,high,206768
syn-008284,12,medium,249719
syn-008285,6,medium,145211
syn-008286,14,low,247713
syn-008287,5,medium,60429
syn-008288,9,medium,121559
syn-008289,6,low,103931
syn-008290,23,low,118256
syn-008291,0,low,218472
syn-008292,17,low,216789
syn-008293,16,low,134105
syn-008294,23,medium,61017
syn-008295,4,medium,212599
syn-008296,3,high,247534
syn-008297,5,medium,61555
syn-008298,15,high,199693
syn-008299,15,low,128229
syn-008300,5,low,129438
syn-008301,22,low,248114
syn-008302,16,low,152942
syn-008303,13,low,106330
syn-008304,19,low,139278
syn-008305,8,medium,94866
syn-008306,7,high,187131
syn-008307,21,low,108059
syn-008308,21,medium,231935
syn-008309,4,medium,234395
syn-008310,13,medium,191616
syn-008311,2,low,137319
syn-008312,10,low,239000
syn-008313,13,low,207088
syn-008314,12,low,66430
syn-008315,10,low,200534
syn-008316,0,low,113080
syn-008317,14,low,190405
syn-008318,11,low,227426
syn-008319,1,low,180371
syn-008320,17,low,228139
syn-008321,12,low,52947
syn-008322,14,low,71735
syn-008323,17,low,162505
syn-008324,2,low,124974
syn-008325,20,medium,103044
syn-008326,11,low,78434
syn-008327,19,low,82155
syn-008328,3,high,146583
syn-008329,8,high,248899
syn-008330,0,medium,181712
syn-008331,2,low,144685
syn-008332,6,medium,50609
syn-008333,21,medium,102022
syn-008334,13,low,145086
syn-008335,20,low,138003
syn-008336,3,low,193479
syn-008337,13,high,96888
syn-008338,11,medium,244651
syn-008339,22,high,161073
syn-008340,5,medium,81784
syn-008341,11,low,146950
syn-008342,1,low,202634
syn-008343,8,medium,112978
syn-008344,22,high,131851
syn-008345,21,low,172973
syn-008346,19,low,111116
syn-008347,15,high,83692
syn-008348,15,high,153995
syn-008349,11,low,210350
syn-008350,12,medium,159516
syn-008351,15,low,99702
syn-008352,3,medium,142101
syn-008353,22,high,203293
syn-008354,3,low,160437
syn-008355,13,low,161114
syn-008356,1,medium,112973
syn-008357,14,medium,239003
syn-008358,7,medium,70078
syn-008359,22,medium,235568
syn-008360,8,low,63563
syn-008361,22,medium,148657
syn-008362,12,low,172509
syn-008363,4,high,213494
syn-008364,3,high,234708
syn-008365,14,medium,203406
syn-008366,14,medium,201996
syn-008367,6,medium,76432
syn-008368,5,medium,230950
syn-008369,22,low,247168
syn-008370,1,high,76931
syn-008371,11,low,237363
syn-008372,22,medium,134705
syn-008373,19,medium,195243
syn-008374,22,low,155222
syn-008375,0,medium,130820
syn-008376,17,medium,136486
syn-008377,19,low,223520
syn-008378,2,low,166507
syn-008379,15,medium,117631
syn-008380,14,low,101343
syn-008381,19,medium,204684
syn-008382,13,low,225061
syn-008383,17,medium,249527
syn-008384,11,medium,132593
syn-008385,12,low,230031
syn-008386,16,low,97683
syn-008387,11,low,191369
syn-008388,14,low,72549
syn-008389,16,medium,241839
syn-008390,2,high,101676
syn-008391,15,low,86315
syn-008392,23,medium,145210
syn-008393,0,low,186305
syn-008394,5,low,126994
syn-008395,12,low,215719
syn-008396,23,medium,137202
syn-008397,15,low,103033
syn-008398,13,medium,89120
syn-008399,21,low,184089
syn-008400,18,low,213897
syn-008401,4,high,63232
syn-008402,2,low,202128
syn-008403,1,medium,145416
syn-008404,16,high,93553
syn-008405,10,medium,154759
syn-008406,7,medium,128219
syn-008407,17,low,181262
syn-008408,2,low,165711
syn-008409,11,medium,221426
syn-008410,6,low,249475
syn-008411,19,medium,202064
syn-008412,7,high,233992
syn-008413,9,high,78752
syn-008414,1,low,74714
syn-008415,6,medium,50854
syn-008416,20,low,244553
syn-008417,2,low,88861
syn-008418,11,low,194343
syn-008419,3,medium,242165
syn-008420,7,medium,171757
syn-008421,17,low,152146
syn-008422,13,low,53173
syn-008423,5,low,89317
syn-008424,15,low,235698
syn-008425,18,medium,142734
syn-008426,4,low,74378
syn-008427,14,high,233481
syn-008428,0,medium,202034
syn-008429,21,low,179944
syn-008430,22,low,60904
syn-008431,23,high,129673
syn-008432,3,low,130086
syn-008433,16,low,152635
syn-008434,20,medium,81214
syn-008435,23,high,64035
syn-008436,1,low,109808
syn-008437,17,low,234541
syn-008438,8,medium,59248
syn-008439,0,low,74389
syn-008440,15,medium,65364
syn-008441,20,low,178065
syn-008442,20,low,124226
syn-008443,11,low,181395
syn-008444,23,low,190156
syn-008445,4,low,174648
syn-008446,4,low,167373
syn-008447,16,medium,103517
syn-008448,14,low,153511
syn-008449,16,low,107325
syn-008450,11,low,69494
syn-008451,10,low,156859
syn-008452,3,low,197344
syn-008453,15,low,164477
syn-008454,9,medium,127417
syn-008455,2,high,226796
syn-008456,19,low,200987
syn-008457,12,medium,78121
syn-008458,10,low,183543
syn-008459,3,high,191342
syn-008460,23,medium,58036
syn-008461,23,medium,156626
syn-008462,14,low,59878
syn-008463,6,low,74826
syn-008464,14,medium,199886
syn-008465,16,low,137579
syn-008466,21,low,63359
syn-008467,10,low,51055
syn-008468,9,medium,157631
syn-008469,13,low,110444
syn-008470,10,high,64617
syn-008471,21,low,230988
syn-008472,4,high,125984
syn-008473,5,high,216926
syn-008474,18,medium,85292
syn-008475,8,low,93495
syn-008476,3,low,231187
syn-008477,21,medium,108663
syn-008478,1,high,111238
syn-008479,11,medium,165804
syn-008480,17,high,199196
syn-008481,20,low,119888
syn-008482,6,low,222635
syn-008483,6,low,239699
syn-008484,13,high,228135
syn-008485,19,medium,154051
syn-008486,23,low,238833
syn-008487,12,high,236602
syn-008488,16,medium,87378
syn-008489,13,low,98589
syn-008490,0,low,81182
syn-008491,12,low,97383
syn-008492,0,low,165377
syn-008493,2,low,177525
syn-008494,4,low,222079
syn-008495,6,high,228573
syn-008496,13,high,89557
syn-008497,9,medium,181775
syn-008498,18,high,196822
syn-008499,23,high,201323
syn-008500,7,low,194260
syn-008501,10,medium,150410
syn-008502,7,low,178130
syn-008503,2,low,231435
syn-008504,8,low,75337
syn-008505,10,low,131186
syn-008506,9,medium,233407
syn-008507,6,high,92361
syn-008508,2,medium,224644
syn-008509,12,medium,153261
syn-008510,18,low,160304
syn-008511,2,high,75037
syn-008512,2,low,53518
syn-008513,9,low,90992
syn-008514,7,medium,194501
syn-008515,20,low,199482
syn-008516,11,high,228375
syn-008517,3,low,208353
syn-008518,6,high,75367
syn-008519,1,high,74746
syn-008520,20,low,246661
syn-008521,21,low,177459
syn-008522,22,low,103946
syn-008523,8,low,59154
syn-008524,4,medium,204477
syn-008525,7,low,212711
syn-008526,18,medium,212570
syn-008527,9,low,228282
syn-008528,4,low,104918
syn-008529,6,high,139463
syn-008530,13,high,98241
syn-008531,1,medium,151998
syn-008532,6,medium,90292
syn-008533,2,medium,90356
syn-008534,16,medium,72209
syn-008535,20,low,230717
syn-008536,20,medium,59937
syn-008537,12,medium,150525
syn-008538,20,medium,160051
syn-008539,8,medium,82610
syn-008540,15,medium,106874
syn-008541,23,low,170361
syn-008542,1,low,249333
syn-008543,18,medium,82106
syn-008544,17,medium,187937
syn-008545,23,medium,220139
syn-008546,21,low,114045
syn-008547,22,low,194335
syn-008548,12,medium,247525
syn-008549,7,low,128794
syn-008550,20,low,98050
syn-008551,0,high,119519
syn-008552,2,medium,153361
syn-008553,4,high,110342
syn-008554,10,high,54594
syn-008555,22,medium,198856
syn-008556,21,high,129030
syn-008557,12,medium,79982
syn-008558,13,medium,119733
syn-008559,13,medium,93647
syn-008560,8,medium,83250
syn-008561,18,low,91072
syn-008562,3,high,74741
syn-008563,6,low,158387
syn-008564,5,low,158521
syn-008565,5,low,110495
syn-008566,8,low,71710
syn-008567,8,medium,61253
syn-008568,13,low,174330
syn-008569,6,high,58277
syn-008570,8,low,242800
syn-008571,18,low,213727
syn-008572,3,medium,113911
syn-008573,5,medium,160530
syn-008574,17,low,50598
syn-008575,19,low,155206
syn-008576,2,medium,188773
syn-008577,17,medium,189191
syn-008578,16,low,244173
syn-008579,13,low,191730
syn-008580,21,low,195709
syn-008581,4,high,107276
syn-008582,12,low,224060
syn-008583,15,medium,187580
syn-008584,0,low,209076
syn-008585,13,low,132790
syn-008586,17,medium,242137
syn-008587,1,medium,177953
syn-008588,5,low,221657
syn-008589,0,low,80862
syn-008590,22,low,210530
syn-008591,23,medium,214823
syn-008592,20,medium,149958
syn-008593,9,medium,110994
syn-008594,7,high,56242
syn-008595,13,medium,167033
syn-008596,12,low,243544
syn-008597,22,low,204276
syn-008598,11,medium,221455
syn-008599,5,medium,107022
syn-008600,8,high,248015
syn-008601,3,high,247849
syn-008602,4,high,150245
syn-008603,23,medium,113743
syn-008604,1,high,66611
syn-008605,18,low,151662
syn-008606,3,medium,220623
syn-008607,2,low,126057
syn-008608,17,low,133554
syn-008609,21,medium,219175
syn-008610,16,low,62294
syn-008611,20,low,234599
syn-008612,14,low,126061
syn-008613,14,high,93709
syn-008614,9,low,171750
syn-008615,9,low,212999
syn-008616,9,medium,166114
syn-008617,4,high,145925
syn-008618,23,medium,54794
syn-008619,10,low,54201
syn-008620,5,medium,205979
syn-008621,18,medium,140778
syn-008622,11,high,218658
syn-008623,4,medium,202173
syn-008624,1,high,152345
syn-008625,11,low,156761
syn-008626,1,medium,212267
syn-008627,10,high,106489
syn-008628,17,medium,76866
syn-008629,7,medium,189431
syn-008630,11,low,184960
syn-008631,1,high,152120
syn-008632,12,high,87736
syn-008633,11,medium,69573
syn-008634,2,high,116776
syn-008635,9,low,106164
syn-008636,2,high,209413
syn-008637,5,medium,198630
syn-008638,4,low,198027
syn-008639,3,medium,151459
syn-008640,23,high,65841
syn-008641,21,low,100022
syn-008642,3,high,138365
syn-008643,21,low,68645
syn-008644,18,medium,141387
syn-008645,16,low,79929
syn-008646,6,low,193549
syn-008647,8,low,122154
syn-008648,17,low,222916
syn-008649,8,high,188335
syn-008650,4,low,97219
syn-008651,1,high,152172
syn-008652,6,low,91820
syn-008653,1,low,177649
syn-008654,11,low,93038
syn-008655,5,low,119923
syn-008656,12,low,225096
syn-008657,9,low,148333
syn-008658,20,high,237482
syn-008659,17,medium,103762
syn-008660,20,medium,62832
syn-008661,20,low,228908
syn-008662,6,low,88481
syn-008663,20,medium,241384
syn-008664,22,medium,249829
syn-008665,11,high,133274
syn-008666,19,medium,204863
syn-008667,6,low,213644
syn-008668,0,high,63864
syn-008669,18,high,97641
syn-008670,19,medium,230974
syn-008671,20,high,165113
syn-008672,0,medium,134056
syn-008673,9,low,219149
syn-008674,4,low,134255
syn-008675,19,medium,63409
syn-008676,7,medium,243130
syn-008677,19,low,232290
syn-008678,16,medium,228458
syn-008679,3,medium,225115
syn-008680,6,low,114223
syn-008681,7,high,234608
syn-008682,17,low,68787
syn-008683,13,high,232607
syn-008684,16,high,143729
syn-008685,6,low,210925
syn-008686,13,low,174927
syn-008687,20,high,69457
syn-008688,5,high,53110
syn-008689,11,medium,186326
syn-008690,10,low,242847
syn-008691,11,low,69714
syn-008692,21,medium,109446
syn-008693,17,low,224409
syn-008694,14,low,135410
syn-008695,0,medium,192609
syn-008696,3,low,234992
syn-008697,21,high,241144
syn-008698,13,low,134627
syn-008699,6,low,218067
syn-008700,2,high,119302
syn-008701,3,medium,197766
syn-008702,21,medium,178549
syn-008703,6,medium,225355
syn-008704,9,medium,194348
syn-008705,14,medium,93465
syn-008706,2,low,82650
syn-008707,17,medium,101628
syn-008708,13,medium,87750
syn-008709,13,medium,151198
syn-008710,7,medium,194663
syn-008711,3,low,218455
syn-008712,16,high,220842
syn-008713,16,low,233331
syn-008714,9,low,74129
syn-008715,7,low,118977
syn-008716,6,low,216876
syn-008717,10,low,95052
syn-008718,9,low,240795
syn-008719,15,low,220211
syn-008720,19,low,220239
syn-008721,8,medium,237905
syn-008722,8,medium,92698
syn-008723,18,high,178981
syn-008724,10,low,139891
syn-008725,2,low,69469
syn-008726,0,low,123485
syn-008727,18,medium,76328
syn-008728,4,medium,180516
syn-008729,12,medium,67386
syn-008730,23,low,212019
syn-008731,8,low,239995
syn-008732,3,low,177683
syn-008733,4,medium,204452
syn-008734,17,medium,136769
syn-008735,11,low,123732
syn-008736,16,high,155821
syn-008737,4,medium,177331
syn-008738,0,low,93606
syn-008739,4,high,171653
syn-008740,1,medium,217568
syn-008741,12,high,63727
syn-008742,23,low,55151
syn-008743,9,high,56394
syn-008744,8,low,238215
syn-008745,20,medium,152360
syn-008746,7,low,62270
syn-008747,1,medium,134624
syn-008748,12,high,55413
syn-008749,21,low,54209
syn-008750,8,low,100074
syn-008751,9,high,147323
syn-008752,8,high,132347
syn-008753,2,medium,130144
syn-008754,4,low,186676
syn-008755,23,medium,179235
syn-008756,5,low,100908
syn-008757,11,medium,159740
syn-008758,14,high,122648
syn-008759,5,medium,170977
syn-008760,4,low,118010
syn-008761,20,low,93650
syn-008762,5,high,64703
syn-008763,13,medium,113161
syn-008764,15,medium,147869
syn-008765,21,low,120895
syn-008766,8,low,54803
syn-008767,9,high,194332
syn-008768,17,high,209441
syn-008769,6,low,241909
syn-008770,2,medium,147889
syn-008771,5,medium,135384
syn-008772,22,low,139977
syn-008773,15,high,164771
syn-008774,1,low,195913
syn-008775,6,high,73067
syn-008776,6,medium,113030
syn-008777,15,high,130264
syn-008778,8,medium,240905
syn-008779,23,medium,146766
syn-008780,4,high,68694
syn-008781,18,medium,92132
syn-008782,10,low,234733
syn-008783,13,low,97226
syn-008784,23,medium,167183
syn-008785,6,high,109321
syn-008786,8,low,173304
syn-008787,2,high,166198
syn-008788,23,medium,169138
syn-008789,0,medium,68741
syn-008790,15,medium,53287
syn-008791,14,low,198681
syn-008792,4,medium,208501
syn-008793,21,low,237578
syn-008794,18,low,121469
syn-008795,16,medium,189344
syn-008796,8,low,233170
syn-008797,23,high,201801
syn-008798,12,high,58738
syn-008799,0,low,150423
syn-008800,8,medium,248903
syn-008801,5,medium,111218
syn-008802,16,low,153208
syn-008803,16,low,166553
syn-008804,21,high,85253
syn-008805,6,high,93324
syn-008806,0,low,212389
syn-008807,7,high,115468
syn-008808,18,medium,60624
syn-008809,9,low,217389
syn-008810,10,low,103253
syn-008811,17,low,211288
syn-008812,4,low,177589
syn-008813,14,high,147910
syn-008814,2,medium,147458
syn-008815,9,low,119133
syn-008816,21,low,183733
syn-008817,8,low,120086
syn-008818,14,low,203693
syn-008819,7,low,233870
syn-008820,15,high,181987
syn-008821,0,high,75784
syn-008822,14,high,220277
syn-008823,8,low,67956
syn-008824,22,medium,159667
syn-008825,5,medium,71466
syn-008826,8,high,122969
syn-008827,9,high,158705
syn-008828,7,low,70314
syn-008829,18,medium,165318
syn-008830,2,medium,66940
syn-008831,13,low,212914
syn-008832,20,low,66495
syn-008833,9,low,73756
syn-008834,8,low,201082
syn-008835,0,low,67878
syn-008836,13,high,91817
syn-008837,20,high,137114
syn-008838,6,medium,109010
syn-008839,19,medium,166319
syn-008840,17,medium,226051
syn-008841,10,high,91870
syn-008842,18,low,208209
syn-008843,3,medium,224523
syn-008844,15,medium,52838
syn-008845,12,low,90310
syn-008846,0,medium,203193
syn-008847,6,high,172547
syn-008848,20,medium,118631
syn-008849,1,high,202371
syn-008850,19,medium,229579
syn-008851,23,medium,241779
syn-008852,16,low,62221
syn-008853,0,medium,187324
syn-008854,2,low,110516
syn-008855,15,low,216947
syn-008856,16,medium,131988
syn-008857,5,medium,168245
syn-008858,12,medium,162638
syn-008859,3,medium,147800
syn-008860,1,medium,210374
syn-008861,19,high,112423
syn-008862,20,low,168965
syn-008863,16,medium,144986
syn-008864,21,low,62755
syn-008865,2,low,190178
syn-008866,16,low,53925
syn-008867,21,medium,203502
syn-008868,19,medium,189836
syn-008869,14,medium,249560
syn-008870,22,low,173795
syn-008871,23,low,122915
syn-008872,4,high,235032
syn-008873,7,high,159314
syn-008874,20,low,75600
syn-008875,21,medium,215644
syn-008876,17,low,168611
syn-008877,17,medium,98655
syn-008878,13,high,55015
syn-008879,3,low,129315
syn-008880,4,medium,141098
syn-008881,18,high,175082
syn-008882,14,medium,246526
syn-008883,23,low,99138
syn-008884,21,low,57115
syn-008885,0,low,204365
syn-008886,17,high,105407
syn-008887,23,low,64920
syn-008888,3,medium,193590
syn-008889,23,medium,65662
syn-008890,8,high,197615
syn-008891,11,low,156128
syn-008892,13,low,106639
syn-008893,23,low,173454
syn-008894,10,low,98486
syn-008895,9,low,215833
syn-008896,3,high,77325
syn-008897,5,medium,184971
syn-008898,15,low,141765
syn-008899,13,medium,61267
syn-008900,14,medium,95320
syn-008901,13,medium,161873
syn-008902,14,medium,56517
syn-008903,10,low,163495
syn-008904,22,medium,95658
syn-008905,14,medium,137007
syn-008906,7,high,99187
syn-008907,12,low,149205
syn-008908,2,medium,152179
syn-008909,18,low,119058
syn-008910,0,low,73227
syn-008911,18,medium,224652
syn-008912,22,low,115472
syn-008913,4,medium,164374
syn-008914,15,medium,184664
syn-008915,23,low,187451
syn-008916,11,low,245004
syn-008917,6,medium,169678
syn-008918,3,low,170402
syn-008919,2,medium,184846
syn-008920,18,high,126213
syn-008921,17,medium,96775
syn-008922,13,low,86877
syn-008923,8,low,127774
syn-008924,6,low,65169
syn-008925,22,low,181149
syn-008926,2,medium,200250
syn-008927,1,low,207484
syn-008928,7,low,86636
syn-008929,15,low,52367
syn-008930,3,low,75581
syn-008931,10,medium,179036
syn-008932,22,medium,143718
syn-008933,9,high,180905
syn-008934,1,low,201101
syn-008935,5,low,146289
syn-008936,18,medium,226770
syn-008937,10,low,102024
syn-008938,11,low,91133
syn-008939,4,low,176846
syn-008940,1,medium,227459
syn-008941,6,low,207163
syn-008942,14,low,156025
syn-008943,22,high,91136
syn-008944,7,low,126562
syn-008945,11,low,64705
syn-008946,0,high,72521
syn-008947,18,low,130626
syn-008948,22,low,201817
syn-008949,14,medium,116741
syn-008950,14,high,161749
syn-008951,19,medium,158933
syn-008952,20,medium,104432
syn-008953,8,high,219510
syn-008954,14,high,160527
syn-008955,20,low,243992
syn-008956,13,medium,139383
syn-008957,18,medium,108650
syn-008958,14,medium,215284
syn-008959,18,medium,81331
syn-008960,18,low,227647
syn-008961,21,high,206275
syn-008962,18,high,60597
syn-008963,19,low,231428
syn-008964,15,high,94562
syn-008965,3,low,69952
syn-008966,3,low,80169
syn-008967,7,low,125068
syn-008968,18,low,236885
syn-008969,20,low,126052
syn-008970,6,high,205734
syn-008971,13,low,108569
syn-008972,5,low,151523
syn-008973,8,low,228975
syn-008974,21,low,58128
syn-008975,7,low,215419
syn-008976,7,medium,148552
syn-008977,3,low,195698
syn-008978,19,low,129557
syn-008979,0,low,143683
syn-008980,6,medium,162403
syn-008981,15,medium,179626
syn-008982,0,high,120533
syn-008983,17,low,118493
syn-008984,23,low,120305
syn-008985,5,high,97936
syn-008986,12,medium,189238
syn-008987,18,low,183878
syn-008988,3,medium,165518
syn-008989,20,low,233541
syn-008990,16,low,72780
syn-008991,6,low,166871
syn-008992,9,medium,103123
syn-008993,11,medium,87276
syn-008994,18,high,119943
syn-008995,8,medium,202489
syn-008996,11,low,182698
syn-008997,23,medium,126946
syn-008998,21,high,153080
syn-008999,22,medium,225667
syn-009000,19,low,155613
syn-009001,9,low,142371
syn-009002,21,medium,52430
syn-009003,23,high,126579
syn-009004,23,high,62318
syn-009005,12,medium,93717
syn-009006,15,low,175639
syn-009007,11,low,208864
syn-009008,15,low,101289
syn-009009,19,low,165335
syn-009010,2,high,99247
syn-009011,14,medium,206490
syn-009012,16,medium,211288
syn-009013,7,medium,199426
syn-009014,18,low,136881
syn-009015,11,low,81231
syn-009016,2,low,221893
syn-009017,20,high,211249
syn-009018,10,low,150210
syn-009019,14,low,182844
syn-009020,23,low,121423
syn-009021,3,medium,75558
syn-009022,20,low,115700
syn-009023,1,low,132682
syn-009024,8,low,223435
syn-009025,0,high,174868
syn-009026,15,high,249843
syn-009027,15,low,222392
syn-009028,23,medium,225433
syn-009029,18,medium,62331
syn-009030,10,medium,142490
syn-009031,5,medium,108191
syn-009032,4,low,99104
syn-009033,10,low,192007
syn-009034,9,low,79006
syn-009035,3,low,121662
syn-009036,1,medium,60784
syn-009037,0,medium,60379
syn-009038,21,low,99220
syn-009039,23,medium,150697
syn-009040,0,low,122655
syn-009041,1,medium,165877
syn-009042,15,high,103604
syn-009043,10,medium,235164
syn-009044,7,medium,83543
syn-009045,12,medium,54713
syn-009046,2,high,170943
syn-009047,14,high,232122
syn-009048,7,low,168266
syn-009049,13,medium,88596
syn-009050,3,high,65743
syn-009051,3,low,175902
syn-009052,21,high,75590
syn-009053,17,medium,50790
syn-009054,6,low,204038
syn-009055,21,medium,248199
syn-009056,3,medium,172707
syn-009057,3,medium,176499
syn-009058,5,high,123147
syn-009059,9,medium,52740
syn-009060,9,medium,102093
syn-009061,3,low,229765
syn-009062,17,medium,229344
syn-009063,8,high,237218
syn-009064,6,medium,192753
syn-009065,7,low,69410
syn-009066,21,medium,96310
syn-009067,13,high,211591
syn-009068,2,low,96766
syn-009069,23,low,174437
syn-009070,8,medium,199083
syn-009071,15,high,168131
syn-009072,7,medium,96358
syn-009073,12,medium,190676
syn-009074,18,low,143445
syn-009075,6,high,144102
syn-009076,3,low,123442
syn-009077,11,high,100918
syn-009078,1,medium,105839
syn-009079,3,high,189047
syn-009080,5,high,210684
syn-009081,9,medium,85847
syn-009082,23,medium,175169
syn-009083,19,low,110419
syn-009084,6,low,199626
syn-009085,20,low,123822
syn-009086,1,medium,198593
syn-009087,14,medium,201514
syn-009088,7,medium,182045
syn-009089,23,low,83617
syn-009090,1,medium,184614
syn-009091,9,low,242720
syn-009092,0,low,210581
syn-009093,11,low,99103
syn-009094,21,high,83138
syn-009095,3,low,68912
syn-009096,11,medium,164603
syn-009097,8,high,60962
syn-009098,1,medium,119417
syn-009099,9,low,124052
syn-009100,17,low,75027
syn-009101,11,medium,227789
syn-009102,9,low,146916
syn-009103,21,low,162555
syn-009104,4,high,182499
syn-009105,7,medium,137241
syn-009106,19,low,68856
syn-009107,5,medium,234236
syn-009108,8,medium,114975
syn-009109,1,low,137450
syn-009110,14,high,211872
syn-009111,21,high,224867
syn-009112,22,high,227191
syn-009113,16,low,154071
syn-009114,19,medium,66393
syn-009115,0,low,77196
syn-009116,5,medium,200650
syn-009117,20,low,243651
syn-009118,4,low,134920
syn-009119,8,low,189665
syn-009120,9,medium,182658
syn-009121,23,high,180978
syn-009122,13,low,194344
syn-009123,3,medium,105581
syn-009124,10,low,225443
syn-009125,7,low,107929
syn-009126,9,medium,214766
syn-009127,16,low,228667
syn-009128,19,low,170064
syn-009129,18,high,146769
syn-009130,13,medium,176649
syn-009131,10,medium,240466
syn-009132,23,medium,160235
syn-009133,14,low,231931
syn-009134,17,low,71851
syn-009135,22,medium,155075
syn-009136,14,medium,242586
syn-009137,21,medium,140678
syn-009138,8,medium,160266
syn-009139,12,low,201573
syn-009140,0,low,130286
syn-009141,13,low,57299
syn-009142,0,low,160901
syn-009143,13,low,241493
syn-009144,16,low,81567
syn-009145,17,low,220757
syn-009146,22,low,125052
syn-009147,1,medium,190999
syn-009148,8,low,249021
syn-009149,3,medium,197562
syn-009150,5,low,92313
syn-009151,23,medium,142997
syn-009152,18,high,67460
syn-009153,20,low,156253
syn-009154,2,low,148739
syn-009155,18,medium,233331
syn-009156,20,medium,65532
syn-009157,7,medium,151259
syn-009158,8,high,94446
syn-009159,8,low,180874
syn-009160,6,high,146614
syn-009161,1,high,85068
syn-009162,7,medium,65263
syn-009163,0,medium,212562
syn-009164,17,low,116248
syn-009165,7,low,81904
syn-009166,20,low,143947
syn-009167,19,medium,153878
syn-009168,15,medium,133275
syn-009169,12,low,142338
syn-009170,13,low,138843
syn-009171,10,low,99679
syn-009172,14,high,96188
syn-009173,7,low,99117
syn-009174,3,low,112346
syn-009175,2,high,94257
syn-009176,6,high,190335
syn-009177,12,low,223497
syn-009178,13,high,67324
syn-009179,16,high,106803
syn-009180,1,low,215014
syn-009181,9,medium,201845
syn-009182,11,high,55533
syn-009183,2,medium,235938
syn-009184,13,low,93556
syn-009185,4,low,87081
syn-009186,20,low,218725
syn-009187,5,high,183660
syn-009188,4,high,131955
syn-009189,5,medium,143900
syn-009190,14,low,116553
syn-009191,18,low,124560
syn-009192,20,medium,179382
syn-009193,15,high,119860
syn-009194,16,medium,249829
syn-009195,0,high,206062
syn-009196,16,low,238150
syn-009197,22,medium,57903
syn-009198,9,low,233666
syn-009199,8,low,85125
syn-009200,0,high,241402
syn-009201,14,low,243920
syn-009202,4,medium,224975
syn-009203,18,low,85628
syn-009204,20,medium,139999
syn-009205,23,low,147910
syn-009206,22,high,239452
syn-009207,22,low,84631
syn-009208,4,medium,155842
syn-009209,10,low,61951
syn-009210,12,medium,140234
syn-009211,4,low,235616
syn-009212,3,low,51153
syn-009213,10,low,84684
syn-009214,6,low,123202
syn-009215,7,high,200396
syn-009216,1,medium,191421
syn-009217,20,high,221501
syn-009218,19,low,110434
syn-009219,12,medium,131068
syn-009220,20,high,228973
syn-009221,21,high,108618
syn-009222,7,medium,169849
syn-009223,22,medium,169314
syn-009224,6,medium,157762
syn-009225,17,low,180523
syn-009226,4,medium,96628
syn-009227,8,low,228040
syn-009228,19,medium,70951
syn-009229,22,low,191029
syn-009230,18,low,165311
syn-009231,10,low,161848
syn-009232,19,low,178233
syn-009233,7,medium,140933
syn-009234,19,medium,91754
syn-009235,13,medium,93568
syn-009236,13,low,213994
syn-009237,2,medium,91605
syn-009238,16,low,165083
syn-009239,19,low,131825
syn-009240,7,high,155001
syn-009241,11,low,120028
syn-009242,12,medium,230210
syn-009243,17,medium,56683
syn-009244,0,high,143729
syn-009245,10,medium,143386
syn-009246,9,medium,203235
syn-009247,0,high,183261
syn-009248,0,medium,107928
syn-009249,19,low,122503
syn-009250,14,high,96933
syn-009251,13,medium,181946
syn-009252,6,medium,57893
syn-009253,14,medium,146660
syn-009254,0,low,114430
syn-009255,16,medium,107650
syn-009256,11,high,122347
syn-009257,18,medium,55834
syn-009258,12,low,233408
syn-009259,23,medium,151515
syn-009260,0,medium,178145
syn-009261,18,high,75879
syn-009262,13,low,62552
syn-009263,15,low,94568
syn-009264,12,medium,176027
syn-009265,0,high,236984
syn-009266,17,medium,123214
syn-009267,8,high,215127
syn-009268,17,low,141316
syn-009269,20,low,218975
syn-009270,4,medium,84843
syn-009271,6,low,88262
syn-009272,13,medium,157574
syn-009273,15,medium,163552
syn-009274,2,low,145322
syn-009275,7,medium,164872
syn-009276,20,low,149451
syn-009277,21,medium,215078
syn-009278,6,low,235569
syn-009279,6,low,160633
syn-009280,23,low,149062
syn-009281,11,high,159144
syn-009282,15,high,223063
syn-009283,13,medium,134251
syn-009284,16,medium,210602
syn-009285,10,medium,124464
syn-009286,20,low,125762
syn-009287,22,low,102646
syn-009288,21,low,153409
syn-009289,2,low,181609
syn-009290,2,medium,174019
syn-009291,5,low,224910
syn-009292,23,low,80519
syn-009293,1,low,193823
syn-009294,23,low,139984
syn-009295,10,low,236493
syn-009296,0,low,209611
syn-009297,22,low,107650
syn-009298,15,low,165276
syn-009299,21,low,145891
syn-009300,14,low,134156
syn-009301,1,medium,80539
syn-009302,6,medium,157379
syn-009303,14,medium,186185
syn-009304,8,high,121505
syn-009305,15,medium,210763
syn-009306,9,high,180555
syn-009307,11,medium,105901
syn-009308,12,medium,140086
syn-009309,7,high,239872
syn-009310,5,medium,142377
syn-009311,14,low,95554
syn-009312,1,low,86998
syn-009313,17,medium,172123
syn-009314,10,high,140303
syn-009315,0,medium,126562
syn-009316,1,medium,185603
syn-009317,4,low,226104
syn-009318,20,high,220439
syn-009319,22,medium,179037
syn-009320,3,high,233217
syn-009321,10,low,182008
syn-009322,15,low,212666
syn-009323,10,high,128010
syn-009324,7,low,205415
syn-009325,20,low,117687
syn-009326,10,low,127932
syn-009327,2,high,167803
syn-009328,0,low,248227
syn-009329,4,high,93992
syn-009330,19,medium,241748
syn-009331,16,low,117362
syn-009332,13,low,109950
syn-009333,5,high,238827
syn-009334,17,low,191872
syn-009335,23,low,150668
syn-009336,9,high,181925
syn-009337,7,high,228941
syn-009338,9,medium,52753
syn-009339,10,high,192786
syn-009340,2,high,114761
syn-009341,18,low,172502
syn-009342,10,low,61537
syn-009343,19,high,92507
syn-009344,4,low,239518
syn-009345,2,medium,181724
syn-009346,2,high,154611
syn-009347,6,medium,143701
syn-009348,16,low,71806
syn-009349,19,low,179093
syn-009350,21,medium,64453
syn-009351,2,medium,176241
syn-009352,2,high,189210
syn-009353,6,low,137192
syn-009354,3,medium,119110
syn-009355,0,low,67595
syn-009356,3,medium,165890
syn-009357,6,low,138322
syn-009358,14,medium,169576
syn-009359,20,low,188640
syn-009360,10,medium,205922
syn-009361,11,medium,111328
syn-009362,6,medium,200255
syn-009363,15,low,96360
syn-009364,0,low,244536
syn-009365,18,low,60700
syn-009366,21,high,179147
syn-009367,1,medium,231167
syn-009368,18,medium,207848
syn-009369,19,low,205858
syn-009370,0,low,129548
syn-009371,18,low,132638
syn-009372,3,low,196552
syn-009373,12,medium,134031
syn-009374,6,medium,205430
syn-009375,0,medium,225186
syn-009376,6,medium,52396
syn-009377,4,low,222675
syn-009378,5,high,226077
syn-009379,22,low,66041
syn-009380,8,low,51187
syn-009381,3,high,197983
syn-009382,14,medium,86735
syn-009383,0,low,200008
syn-009384,5,low,85600
syn-009385,13,low,135844
syn-009386,6,medium,63487
syn-009387,12,low,234397
syn-009388,2,high,82118
syn-009389,15,low,175374
syn-009390,9,medium,60821
syn-009391,3,medium,136476
syn-009392,9,low,89859
syn-009393,6,medium,134943
syn-009394,13,high,226625
syn-009395,2,low,177475
syn-009396,23,medium,110131
syn-009397,18,medium,171642
syn-009398,19,medium,167111
syn-009399,9,low,185836
syn-009400,18,low,56565
syn-009401,9,medium,126847
syn-009402,13,low,142531
syn-009403,9,low,134046
syn-009404,12,high,152562
syn-009405,18,low,120372
syn-009406,23,low,94429
syn-009407,9,medium,174325
syn-009408,3,low,81397
syn-009409,0,medium,143149
syn-009410,18,high,226057
syn-009411,11,low,169135
syn-009412,7,medium,63856
syn-009413,4,medium,98034
syn-009414,12,high,185315
syn-009415,7,medium,164654
syn-009416,14,high,188960
syn-009417,15,medium,200184
syn-009418,16,low,71212
syn-009419,1,medium,167291
syn-009420,13,medium,100328
syn-009421,23,low,112693
syn-009422,23,medium,138102
syn-009423,10,high,243138
syn-009424,6,medium,84467
syn-009425,13,low,232857
syn-009426,1,medium,178427
syn-009427,8,high,193632
syn-009428,11,medium,122629
syn-009429,16,high,248510
syn-009430,15,low,127542
syn-009431,16,high,188430
syn-009432,17,low,80660
syn-009433,9,low,114710
syn-009434,20,medium,99312
syn-009435,17,low,218754
syn-009436,22,low,85345
syn-009437,0,medium,221450
syn-009438,2,medium,120431
syn-009439,15,high,211502
syn-009440,13,low,170789
syn-009441,5,low,83938
syn-009442,3,low,77533
syn-009443,23,low,223582
syn-009444,0,high,105332
syn-009445,0,low,212192
syn-009446,15,high,90007
syn-009447,19,medium,61146
syn-009448,10,low,110568
syn-009449,17,low,181274
syn-009450,17,low,88612
syn-009451,22,low,219786
syn-009452,1,low,240786
syn-009453,20,medium,133171
syn-009454,3,high,213933
syn-009455,14,low,68239
syn-009456,17,medium,232036
syn-009457,14,high,64467
syn-009458,22,high,225176
syn-009459,7,low,83813
syn-009460,13,high,220363
syn-009461,14,medium,207220
syn-009462,6,low,70357
syn-009463,4,medium,171499
syn-009464,13,low,56412
syn-009465,1,low,83031
syn-009466,0,high,205708
syn-009467,15,low,141644
syn-009468,1,high,77916
syn-009469,5,low,93142
syn-009470,3,low,86074
syn-009471,13,high,58704
syn-009472,15,low,98815
syn-009473,12,low,126081
syn-009474,11,low,182273
syn-009475,7,low,121092
syn-009476,10,medium,137706
syn-009477,12,low,237091
syn-009478,9,medium,51041
syn-009479,13,low,114085
syn-009480,18,low,240216
syn-009481,7,high,198197
syn-009482,16,medium,158715
syn-009483,10,medium,163292
syn-009484,19,low,59513
syn-009485,0,medium,130589
syn-009486,16,medium,176778
syn-009487,15,high,64919
syn-009488,12,low,192140
syn-009489,10,low,176572
syn-009490,22,low,221373
syn-009491,6,medium,144288
syn-009492,7,low,134601
syn-009493,6,low,77221
syn-009494,22,low,249106
syn-009495,14,high,83494
syn-009496,10,medium,129722
syn-009497,9,low,128296
syn-009498,2,medium,64841
syn-009499,2,low,228145
syn-009500,2,medium,218164
syn-009501,9,low,140791
syn-009502,1,low,69917
syn-009503,23,medium,219764
syn-009504,1,low,233116
syn-009505,11,medium,203122
syn-009506,11,low,59861
syn-009507,1,low,242467
syn-009508,3,low,171696
syn-009509,21,medium,129195
syn-009510,0,low,172238
syn-009511,10,high,161411
syn-009512,12,medium,106464
syn-009513,22,low,54282
syn-009514,5,high,160081
syn-009515,16,medium,112076
syn-009516,23,high,231328
syn-009517,16,high,244347
syn-009518,2,medium,164339
syn-009519,11,high,202257
syn-009520,16,low,121341
syn-009521,13,low,66457
syn-009522,9,high,108369
syn-009523,13,high,189854
syn-009524,5,low,96766
syn-009525,12,medium,162758
syn-009526,10,high,169152
syn-009527,20,low,84993
syn-009528,4,low,203843
syn-009529,10,low,207058
syn-009530,4,medium,123378
syn-009531,1,low,80095
syn-009532,20,medium,112431
syn-009533,11,high,53570
syn-009534,13,medium,174457
syn-009535,5,low,189543
syn-009536,23,medium,69903
syn-009537,4,low,53508
syn-009538,19,low,237440
syn-009539,8,medium,236161
syn-009540,10,medium,133546
syn-009541,17,medium,150619
syn-009542,21,low,192160
syn-009543,21,high,52459
syn-009544,10,low,238598
syn-009545,1,medium,227392
syn-009546,6,medium,82547
syn-009547,4,medium,130742
syn-009548,19,medium,148716
syn-009549,17,low,207951
syn-009550,10,medium,125749
syn-009551,7,medium,92390
syn-009552,20,low,140791
syn-009553,6,low,198327
syn-009554,12,low,225452
syn-009555,21,high,137672
syn-009556,18,low,175152
syn-009557,12,medium,84017
syn-009558,17,low,166964
syn-009559,4,medium,177472
syn-009560,8,low,185040
syn-009561,5,low,172417
syn-009562,9,high,216998
syn-009563,0,high,56156
syn-009564,22,low,222648
syn-009565,6,low,71178
syn-009566,19,high,218525
syn-009567,13,high,94610
syn-009568,10,low,82347
syn-009569,1,medium,117776
syn-009570,6,low,118034
syn-009571,9,high,229791
syn-009572,9,high,135913
syn-009573,14,high,161932
syn-009574,19,high,120953
syn-009575,22,high,190476
syn-009576,20,medium,186513
syn-009577,16,low,60287
syn-009578,8,medium,173806
syn-009579,14,medium,156608
syn-009580,3,low,129801
syn-009581,3,low,202477
syn-009582,22,low,85258
syn-009583,4,medium,202671
syn-009584,18,medium,66674
syn-009585,16,low,232080
syn-009586,5,low,229011
syn-009587,14,low,53385
syn-009588,17,low,114760
syn-009589,8,medium,64359
syn-009590,1,medium,57391
syn-009591,10,low,158585
syn-009592,19,high,85121
syn-009593,21,medium,106652
syn-009594,13,low,81525
syn-009595,20,low,148912
syn-009596,2,medium,207333
syn-009597,11,medium,53373
syn-009598,7,high,132827
syn-009599,9,high,55749
syn-009600,8,medium,80707
syn-009601,2,medium,160376
syn-009602,17,medium,116744
syn-009603,23,low,71453
syn-009604,9,low,211621
syn-009605,5,low,107922
syn-009606,4,low,63555
syn-009607,10,low,55154
syn-009608,1,low,68651
syn-009609,16,low,69062
syn-009610,22,low,134281
syn-009611,1,low,102970
syn-009612,12,low,153245
syn-009613,4,low,237587
syn-009614,13,medium,156169
syn-009615,12,high,166234
syn-009616,11,low,207742
syn-009617,21,low,236549
syn-009618,10,low,96244
syn-009619,15,high,172848
syn-009620,20,low,141756
syn-009621,21,medium,140893
syn-009622,5,medium,246701
syn-009623,11,low,140605
syn-009624,21,medium,105759
syn-009625,15,high,199169
syn-009626,11,low,230173
syn-009627,11,high,208921
syn-009628,14,low,186353
syn-009629,3,high,225624
syn-009630,6,low,98936
syn-009631,2,low,82987
syn-009632,10,high,239333
syn-009633,15,medium,211789
syn-009634,21,low,175226
syn-009635,16,high,164983
syn-009636,13,low,201157
syn-009637,13,low,108994
syn-009638,2,high,138419
syn-009639,6,low,124740
syn-009640,14,low,210396
syn-009641,19,medium,243864
syn-009642,19,medium,207415
syn-009643,6,medium,73518
syn-009644,14,low,214103
syn-009645,13,low,149289
syn-009646,9,low,92956
syn-009647,3,medium,165673
syn-009648,19,low,145879
syn-009649,19,medium,70687
syn-009650,13,high,53939
syn-009651,4,high,174681
syn-009652,11,low,66056
syn-009653,17,low,86541
syn-009654,3,high,237519
syn-009655,20,medium,224480
syn-009656,23,medium,170337
syn-009657,15,low,176398
syn-009658,12,medium,246239
syn-009659,18,medium,150316
syn-009660,14,low,54849
syn-009661,17,low,223312
syn-009662,18,medium,239541
syn-009663,14,medium,183517
syn-009664,5,high,137309
syn-009665,2,high,112962
syn-009666,6,low,98064
syn-009667,12,low,226024
syn-009668,5,low,125058
syn-009669,21,high,243539
syn-009670,10,low,209090
syn-009671,4,low,154187
syn-009672,2,high,128545
syn-009673,5,medium,156442
syn-009674,23,low,91588
syn-009675,11,medium,124388
syn-009676,15,high,187507
syn-009677,1,medium,90423
syn-009678,14,low,203228
syn-009679,22,medium,104402
syn-009680,20,medium,71967
syn-009681,13,medium,181926
syn-009682,16,low,72330
syn-009683,21,low,230585
syn-009684,22,high,164172
syn-009685,16,low,171710
syn-009686,4,medium,70793
syn-009687,1,low,203731
syn-009688,0,medium,136026
syn-009689,2,medium,186400
syn-009690,11,low,50220
syn-009691,14,medium,98757
syn-009692,18,low,66330
syn-009693,5,high,120427
syn-009694,23,low,127683
syn-009695,7,low,127864
syn-009696,1,medium,75762
syn-009697,14,high,54684
syn-009698,18,high,125657
syn-009699,9,medium,230527
syn-009700,4,high,238743
syn-009701,21,low,108362
syn-009702,23,medium,239763
syn-009703,1,high,60730
syn-009704,6,low,81902
syn-009705,6,low,239035
syn-009706,10,low,57920
syn-009707,12,low,248437
syn-009708,17,high,91338
syn-009709,8,low,64385
syn-009710,18,medium,83812
syn-009711,1,low,84745
syn-009712,0,high,51941
syn-009713,16,medium,199123
syn-009714,9,medium,130798
syn-009715,23,low,219092
syn-009716,5,medium,202475
syn-009717,22,low,154850
syn-009718,15,low,131503
syn-009719,16,medium,101690
syn-009720,9,medium,58545
syn-009721,22,low,118249
syn-009722,19,medium,198340
syn-009723,14,medium,124527
syn-009724,22,medium,83262
syn-009725,11,high,168570
syn-009726,20,medium,216552
syn-009727,4,low,228917
syn-009728,18,medium,68608
syn-009729,4,medium,183762
syn-009730,2,medium,210959
syn-009731,5,high,67635
syn-009732,17,low,210385
syn-009733,1,low,143535
syn-009734,23,medium,69332
syn-009735,9,low,71940
syn-009736,10,medium,50329
syn-009737,5,low,233695
syn-009738,22,medium,133312
syn-009739,19,medium,248858
syn-009740,4,low,186666
syn-009741,5,low,223885
syn-009742,17,medium,210435
syn-009743,18,medium,75613
syn-009744,22,medium,125838
syn-009745,18,low,67742
syn-009746,6,low,89272
syn-009747,0,medium,108848
syn-009748,5,high,125115
syn-009749,23,high,183370
syn-009750,21,low,157273
syn-009751,21,low,241670
syn-009752,9,high,193045
syn-009753,17,high,126170
syn-009754,10,medium,232630
syn-009755,10,low,61806
syn-009756,3,high,239579
syn-009757,13,low,235916
syn-009758,22,low,212418
syn-009759,18,medium,110798
syn-009760,21,low,71151
syn-009761,22,low,143709
syn-009762,7,medium,188677
syn-009763,15,low,98260
syn-009764,22,medium,160145
syn-009765,10,high,202253
syn-009766,22,low,214770
syn-009767,19,low,161069
syn-009768,9,low,119622
syn-009769,20,low,70437
syn-009770,7,low,186237
syn-009771,15,medium,95777
syn-009772,3,medium,90924
syn-009773,21,high,144595
syn-009774,21,medium,221354
syn-009775,19,low,170886
syn-009776,21,low,242524
syn-009777,3,medium,120090
syn-009778,4,low,179719
syn-009779,2,medium,242621
syn-009780,2,medium,60745
syn-009781,16,low,99570
syn-009782,23,high,89986
syn-009783,13,low,100503
syn-009784,14,high,92687
syn-009785,8,medium,86340
syn-009786,20,high,185768
syn-009787,15,high,156709
syn-009788,19,medium,152022
syn-009789,21,low,125408
syn-009790,4,low,60565
syn-009791,15,high,79023
syn-009792,7,high,222732
syn-009793,7,low,230939
syn-009794,0,high,119681
syn-009795,13,medium,166437
syn-009796,16,low,183283
syn-009797,2,low,129718
syn-009798,13,low,185372
syn-009799,21,low,242575
syn-009800,12,low,186383
syn-009801,16,medium,214565
syn-009802,14,low,208966
syn-009803,10,medium,235683
syn-009804,10,low,120237
syn-009805,14,high,208728
syn-009806,22,low,246824
syn-009807,4,medium,197056
syn-009808,3,low,248718
syn-009809,17,high,169865
syn-009810,7,low,62277
syn-009811,21,low,55294
syn-009812,17,low,66127
syn-009813,10,low,123262
syn-009814,4,high,131799
syn-009815,10,low,116229
syn-009816,8,medium,178770
syn-009817,19,medium,186172
syn-009818,16,medium,133882
syn-009819,5,high,106888
syn-009820,7,medium,170750
syn-009821,19,medium,238614
syn-009822,19,low,219934
syn-009823,7,low,90570
syn-009824,16,medium,114276
syn-009825,1,low,135234
syn-009826,5,low,157879
syn-009827,12,medium,227648
syn-009828,13,medium,67466
syn-009829,7,medium,128562
syn-009830,13,medium,139143
syn-009831,8,medium,50199
syn-009832,4,low,154689
syn-009833,12,low,152588
syn-009834,3,medium,182899
syn-009835,22,medium,225237
syn-009836,21,low,117948
syn-009837,5,medium,57716
syn-009838,18,medium,139834
syn-009839,21,high,129017
syn-009840,15,medium,90124
syn-009841,11,high,142699
syn-009842,20,medium,138044
syn-009843,19,low,155254
syn-009844,20,high,105339
syn-009845,15,high,142658
syn-009846,14,high,103001
syn-009847,4,low,180770
syn-009848,18,low,162951
syn-009849,13,high,70008
syn-009850,22,medium,173387
syn-009851,7,low,78074
syn-009852,1,low,215422
syn-009853,14,low,229459
syn-009854,12,medium,66960
syn-009855,10,low,151879
syn-009856,7,high,57487
syn-009857,12,high,223578
syn-009858,5,medium,134223
syn-009859,2,medium,220012
syn-009860,9,medium,122113
syn-009861,10,low,98743
syn-009862,1,medium,244347
syn-009863,5,high,76706
syn-009864,11,high,98458
syn-009865,2,medium,101214
syn-009866,2,low,101405
syn-009867,8,low,199861
syn-009868,7,medium,59048
syn-009869,13,high,225413
syn-009870,5,low,55470
syn-009871,18,low,196902
syn-009872,4,medium,232499
syn-009873,13,low,85875
syn-009874,11,low,66643
syn-009875,23,high,110617
syn-009876,11,low,119715
syn-009877,3,medium,55772
syn-009878,14,low,120733
syn-009879,14,high,166946
syn-009880,8,medium,242043
syn-009881,14,low,95200
syn-009882,5,high,109526
syn-009883,9,low,98279
syn-009884,2,low,96625
syn-009885,15,high,59853
syn-009886,20,medium,124821
syn-009887,16,medium,178632
syn-009888,15,high,125932
syn-009889,20,medium,83004
syn-009890,2,high,88800
syn-009891,9,medium,88894
syn-009892,7,medium,110434
syn-009893,20,low,85970
syn-009894,13,low,242678
syn-009895,10,medium,53496
syn-009896,23,medium,125182
syn-009897,21,high,222541
syn-009898,18,medium,94546
syn-009899,10,high,103374
syn-009900,15,low,190495
syn-009901,3,low,120343
syn-009902,19,low,201746
syn-009903,4,low,114152
syn-009904,20,high,140313
syn-009905,19,low,161855
syn-009906,19,high,117932
syn-009907,8,low,99832
syn-009908,22,medium,139502
syn-009909,8,medium,124324
syn-009910,21,medium,59181
syn-009911,6,medium,215319
syn-009912,5,low,90249
syn-009913,23,low,82281
syn-009914,11,medium,76194
syn-009915,10,medium,186179
syn-009916,16,low,92133
syn-009917,2,medium,56537
syn-009918,11,high,134921
syn-009919,6,high,155484
syn-009920,3,medium,88152
syn-009921,1,low,164494
syn-009922,15,high,205759
syn-009923,20,low,113172
syn-009924,15,medium,242788
syn-009925,19,low,137596
syn-009926,3,medium,98916
syn-009927,21,medium,200320
syn-009928,0,medium,162372
syn-009929,8,high,140529
syn-009930,16,medium,168549
syn-009931,1,medium,203756
syn-009932,11,medium,175878
syn-009933,17,low,53734
syn-009934,8,high,73782
syn-009935,0,low,157026
syn-009936,6,low,200775
syn-009937,13,medium,169122
syn-009938,12,medium,171583
syn-009939,7,low,95398
syn-009940,8,high,119115
syn-009941,12,low,105033
syn-009942,1,low,70709
syn-009943,11,medium,88731
syn-009944,6,high,70581
syn-009945,0,low,76799
syn-009946,19,high,66451
syn-009947,18,medium,172513
syn-009948,15,low,211723
syn-009949,17,low,132908
syn-009950,12,low,240191
syn-009951,8,low,96904
syn-009952,9,low,207043
syn-009953,4,low,180440
syn-009954,10,high,181610
syn-009955,2,high,175754
syn-009956,10,low,105264
syn-009957,22,high,68647
syn-009958,14,medium,183475
syn-009959,21,high,145921
syn-009960,9,low,193606
syn-009961,10,medium,195635
syn-009962,10,low,57884
syn-009963,21,low,131469
syn-009964,10,low,212622
syn-009965,11,low,115626
syn-009966,2,high,184131
syn-009967,10,medium,200845
syn-009968,14,high,114880
syn-009969,8,medium,134597
syn-009970,2,medium,81756
syn-009971,13,low,79616
syn-009972,2,medium,51895
syn-009973,0,low,244913
syn-009974,22,medium,126936
syn-009975,15,low,237526
syn-009976,21,low,232946
syn-009977,4,high,161418
syn-009978,19,low,218532
syn-009979,0,low,181615
syn-009980,1,low,103425
syn-009981,8,high,79335
syn-009982,17,low,152793
syn-009983,14,medium,67530
syn-009984,23,medium,219131
syn-009985,15,high,117106
syn-009986,1,high,220957
syn-009987,1,medium,71550
syn-009988,23,low,65407
syn-009989,5,low,145637
syn-009990,19,low,149168
syn-009991,5,high,187681
syn-009992,18,medium,110814
syn-009993,8,low,241105
syn-009994,14,low,95440
syn-009995,20,medium,79709
syn-009996,11,high,243952
syn-009997,13,low,158260
syn-009998,10,low,190610
syn-009999,14,medium,233886
syn-010000,23,high,188522
